업종코드,업종한글명,상호명,주소,전화번호,팩스번호,이메일,홈페이지
20423,화장품제조업,UNILEVERNIGERIAPLC,"1,BILLINGSWAYOREGUNIKEJALAGOSNIGERIA",234-1279-3000,,consumercare.nigeria@unilever.com,www.unilevernigeria.com
20423,화장품제조업,INTERNATIONALFLAVORSANDFRAGRANCESIFFSOUTHAFRICAPTYLTD,"34DIESELRD,ISANDO1600",271-1922-8800,271-1974-7447,accpayza@iff.com,http://www.iff.com
47813,"화장품,비누및방향제소매업",PERMARKSUPPLYNETWORKPTYLTD,"50ANGUSCRES,MODDERFONTEINEDENVALE1609",271-1579-0000,271-1608-0601,abel.b@permark.co.za,
46443,화장품및화장용품도매업,PROACTIVESAPTYLTD,301STAVENUEEDENVALEEDENVALE1609ZA,271-1454-5020,,orders@proactivesa.co.za,http://www.proactivesa.co.za
46443,화장품및화장용품도매업,NORCOSMETICSAS,"ASLAKVEIEN14E,0753,OSLO",47-4145-2727,,,
46443,화장품및화장용품도매업,CYJINTERNATIONALTAIWANINC,"4F-1,872,CHUNGCHENGRD.,CHUNGHEDIST.,NEWTAIPEICITY,23586,TAIWAN(R.O.C.)",8862-2221-7242,8862-2221-6234,,https://www.drcyjhcc.com.tw
46443,화장품및화장용품도매업,CLOVERSBIOTECHNOLOGYCOLTD,"17F-5,16F-1,NO.75,XINTAI5THRD.,SEC.1,XIZHIDIST.,NEWTAIPEICITY,22101,TAIWAN(R.O.C.)",8862-8698-1098,8862-8698-1066,,http://www.cloversmedtech.com/
46443,화장품및화장용품도매업,MIRACODECOLTD,"3F,7,ALLEY6,LANE170,CHUNGHSIAOE.RD.,SEC.4,DAANDIST,TAIPEICITY,TAIWANR.O.C.",8862-2388-2158,8862-2388-2159,,www.miracode.com
20423,화장품제조업,KAOTAIWANCORPORATION,"10F,207,BEIXINGRD.,SEC.3,XINDIANDIST.,NEWTAIPEICITY,23143,TAIWAN(R.O.C.)",8862-8665-1900,8862-8913-1156,,www.kao.com.tw
46443,화장품및화장용품도매업,KINGYUANTRADINGCOLTD,"10,LANE26,HSINYIRD.,PANCHIAODIST.,NEWTAIPEICITY,22061,TAIWAN(R.O.C.)",8862-8967-1089,8862-8967-7668,,www.izumi.com.tw
46443,화장품및화장용품도매업,CHEMGARDANENTERPRISEINC,"1F,4,ALLEY35,LANE175,HOPINGE.RD.,SEC.2,TAANDIST.,TAIPEICITY,10664,TAIWAN(R.O.C.)",8862-2707-5385,8862-2709-4539,,
46443,화장품및화장용품도매업,GRUPOLEDUSRL,"CAMINOCHIQUITONO.35,AHOYOHONDOSANTODOMINGODOMINICANREPUBLIC",180-9536,,ventas@grupoledu.com,www.grupoledu.com
47813,"화장품,비누및방향제소매업",KOMAWOGMBH,SCHOPENHAUERSTR.71D80807MUNCHEN,89-8776-8547,,info@komawo.de,www.komawo.de
20423,화장품제조업,PTNHEALTHCAREGMBH,AMKRONBERGERHANG2D65824SCHWALBACH,619-6953-4200,,info@ptn-global.com,
46443,화장품및화장용품도매업,NEOMESOANTIAGINGSOLUTIONSGMBH,WIELANDSTR.36D10629BERLIN,30-6792-3344,30-6792-3345,info@neomeso.de,www.neomeso.de
20423,화장품제조업,STERNTEKGMBH,GOTENSTR.13D20097HAMBURG,17-2705-5929,4053-0366-9799,contact@stern-tek.com,www.stern-tek.de
20423,화장품제조업,ALLIANCEHEALTHCAREDEUTSCHLANDAG,SOLMSSTR.73D60486FRANKFURT,69-7920-3503,69-7920-3369,service@alliance-healthcare.de,www.alliance-healthcare.de
20423,화장품제조업,ISOLUTIONSGMBH,MANNHEIMERSTR.7D80803MUNCHEN,899-5457-1930,89-5238-8352,info@shave-lab.com,www.shave-lab.com
46443,화장품및화장용품도매업,MORYSKINGMBH,LISE-MEITNER-WEG34D30855LANGENHAGEN,511-1228-5904,,support@moryskin.com,www.moryskin.com
46443,화장품및화장용품도매업,ONEWAVEGMBH,SIMSONSTR.14D60385FRANKFURT,69-9564-4900,69-9564-4899,hello@onewave.de,www.whamisa.de
20423,화장품제조업,BEAUTYLABGMBH,WEIBENSEESTR.101D81539MUNCHEN,899-5457-1931,,info@ikoo-brush.com,www.ikoo-brush.com
46443,화장품및화장용품도매업,POLYTECHANDNETGMBH,AMKRONBERGERHANG2D65824SCHWALBACH,619-6953-4251,619-6953-4269,info@ptn-global.com,www.ptn-global.com
46443,화장품및화장용품도매업,HEMAGROUPLTD,"DAUGAVASIELA2-79,SALASPILSPAG.,SALASNOVADS,LV-2121,LATVIA",371-2925-1729,,info@yvon.lv,www.yvon.lv
46443,화장품및화장용품도매업,KOREATRADELLC,"KSHIRSKOEROAD,3,CORP.2,BUILDING2,FLOOR2,POM.NO.2,MOSCOW,MOSCOWREGION,115230,RUSSIANFEDERATION",749-5645-7929,,info@koreatrade.ru,https://koreatrade.ru
46443,화장품및화장용품도매업,KURSGROUPDISTRIBUTIONLTD,"RYAZANOVSKOESETTLEMENT,ZNAMYAOKTYABRYAVILLAGE,51,CORP.5,OFFICE121,MOSCOW,MOSCOWREGION,142134,RUSSIANFEDERATION",749-5937-1231,,press@alkor.co.ru,www.letoile.ru
46443,화장품및화장용품도매업,KSMARTLLC,"PUSHKINSKAYASTREET40,OFFICE609,VLADIVOSTOK,PRIMORSKYKRAY,690001,RUSSIANFEDERATION",791-4679-8044,,stepanova@ksmart-opt.ru,http://www.ksmart-opt.ru/
46443,화장품및화장용품도매업,EUROCOSMETICSLLC,"GALERNAYASTREET,10,LITERA,PREM.1-N(PART)№57,ST.-PETERSBURG,LENINGRADREGION,190000,RUSSIANFEDERATION",781-2645-9041,,denis.mgpuk@gmail.com,
46443,화장품및화장용품도매업,SAGRUPPLLC,"MIRAAVE.,102,BUILDING34,ROOMS2,3,MOSCOW,MOSCOWREGION,129626,RUSSIANFEDERATION",749-5120-3143,749-5120-3143,info@promedtec.net,http://promedtec.ru/
20423,화장품제조업,KORNETSKIYMAKSIMSERGEEVICHLLC,"ROSTOV-ON-DONTOWN,ROSTOVREGION,RUSSIANFEDERATION",790-0126-6876,,zakaz@emi-school.ru,https://emi-shop.ru/
20423,화장품제조업,NARODNYEPROMYSLYLLC,"GOSTINICHNAYASTREET3,FLOOR5,OFFICEBLOCK520-521,MOSCOW,MOSCOWREGION,127106,RUSSIANFEDERATION",749-5788-7276,,info@narodkosmetika.ru,www.narodkosmetika.ru
46443,화장품및화장용품도매업,LABORATORYOFINNOVATIONSLLC,"2-NDROSCHINSKIYPASSAGE,8,BUILDING5,FLOOR2,PREM.XIII,BLOCK36,MOSCOW,MOSCOWREGION,115419,,RUSSIANFEDERATION",780-0500-6535,,,https://rushop.lg.com/
46443,화장품및화장용품도매업,EVYAPRUSLLC,"SHABOLOVKASTREET31GBCSHABOLOVKA,MOSCOW,MOSCOWREGION,115162,RUSSIANFEDERATION",749-5967-6763,749-5967-6763,LKruglova@evyap.ru,http://www.evyap.ru
46443,화장품및화장용품도매업,INVESTMENTCOMPANYGAGROUPLLC(ICGAGROUPLLC/IKDZHIEYGRUPPOOO),"SAKKOIVANTSETTISTREET,62,OFFICE703,EKATERINBURG,SVERDLOVSKREGION,620014,RUSSIANFEDERATION",791-2600-3992,,zaostrovnyh@goldapple.ru,www.goldapple.ru
47813,"화장품,비누및방향제소매업",INTERСHARMLLC,"HOLODILNIYLANE3,CORP.1,BUILDING2,PREM.II,OFFICE28,MOSCOW,MOSCOWREGION,115191,RUSSIANFEDERATION",749-5970-9787,749-5970-9787,info@asiakiss.ru,http://www.asiakiss.ru/
46443,화장품및화장용품도매업,NEVALINELTD,"OBVODNOGOKANALAEMBANKMENT118A,LIT..E,PREMISES51,52,ST.-PETERSBURG,LENINGRADREGION,198005,RUSSIANFEDERATION",781-2332-3555,781-2332-3444,nikolaeva_a@parfum.spb.ru,www.psgrp.ru
46443,화장품및화장용품도매업,KOSMERALLC,"VAVILOVASTREET17,FLOOR1,ROOMB2,OFFICE8,MOSCOW,MOSCOWREGION,117312,,RUSSIANFEDERATION",749-5240-5133,,info@kosmera.com,
46443,화장품및화장용품도매업,ASIAPACIFICGLOBALLLC,"ALEUTSKAYASTREET45A,OFFICE819,VLADIVOSTOK,PRIMORSKYKRAY,690090,RUSSIANFEDERATION",,,asiapacificglobalvl@gmail.com,https://idenel.ru
47813,"화장품,비누및방향제소매업",TABERTRADELLC,"LENINSKAYASLOBODASTREET19,KOMN21V,MOSCOW,MOSCOWREGION,115280,RUSSIANFEDERATION",749-5380-2828,749-5314-9479,info@podrygka.ru,www.podrygka.ru
46443,화장품및화장용품도매업,GANDLGROUPLLC,"PETUHOVASTREET,69,FLOOR3,OFFICE324,NOVOSIBIRSK,NOVOSIBIRSKREGION,RUSSIANFEDERATION",738-3292-1217,,glgroup.cos@gmail.com,https://g-l.group/
46443,화장품및화장용품도매업,MBGBEAUTYLLC,"NOVIYARBATSTREET36,MOSCOW,MOSCOWREGION,121099,RUSSIANFEDERATION",749-5989-8485,749-5989-8486,info@ubeautybutik.ru,http://ubeautybutik.ru/
46443,화장품및화장용품도매업,BEAUTYFORCELLC,"PAVLOVSKAYASTREET27,BLDG.4,FLOOR1,ROOM13,MOSCOW,MOSCOWREGION,115093,RUSSIANFEDERATION",791-6234-5584,,kim@beforce.ru,www.beforce.ru
20423,화장품제조업,NTSGRADIENTLTD(OOONTSGRADIENT),"BORISAGALUSHKINASTREET14,CORP.1,MOSCOW,MOSCOWREGION,129301,RUSSIANFEDERATION",749-5933-6000,749-5933-6010,info@gradient.ru,www.gradient.ru
20423,화장품제조업,COSMALINESAL,"SARRAFBUILDING,OFF-HIGHWAY,WATA,AMARETCHALHOUB,METN,LEBANON",96-1190-0100,96-1190-0100,procurement.cosmaline@maliagroup.com,www.cosmaline.com
47813,"화장품,비누및방향제소매업",SONYAMODJOINTSTOCKCOMPANY,"OLARI43,FLOORIII,BUCHAREST,DISTRICT2,024056,ROMANIA",402-1311-2105,402-1252-4117,office@sonyamod.com,www.sonyamod.com
47813,"화장품,비누및방향제소매업",JSCKOSMELITA,"TAIKOSPR.100,KAUNAS,KAUNASREGION,KAUNASCITYMUNICIPALITY,51194,LITHUANIA",370-3743-2139,,info@kosmelita.lt,www.eurokos.lt
20423,화장품제조업,ANCHORINDUSTRIESLIMITED,"SABUHOUSE,SCOTTROADGINNERYCORNER,LIMBEMALAWI",26-5187-0125,26-5187-0525,tkidy@noorgrp.co.mw,www.anchormw.wordpress.com
20423,화장품제조업,ESHANIPRODUCTSLIMITED,"ST.PLOTBE222/285,SCOTTROADGINNERYCORNER,CHICHIRIBLANTYREMALAWI",26-5187-7802,26-5187-8080,eshani@globemw.net,
46443,화장품및화장용품도매업,DIMENSIEKSKLUSIFMSDNBHD,"149A,JALANAMINUDDINBAKI,TAMANTUNDR.ISMAIL,60000KUALALUMPUR,WILAYAHPERSEKUTUAN,MALAYSIA.",37-727-7399,37-727-6236,,WWW.DIMENSI.COM.MY
46443,화장품및화장용품도매업,FIDESTRADESDNBHD,"2-37,PV128,128,JALANGENTINGKLANG,53300KUALALUMPUR,WILAYAHPERSEKUTUAN,MALAYSIA.",36-411-9330,,,
46443,화장품및화장용품도매업,COLOURSANDFRAGRANCESSDNBHD,"28LORONGTAPAH,OFFJALANGOHHOCKHUAT,KLANG,SELANGOR,41400KLANG,SELANGOR,MALAYSIA.",36-140-6326,36-140-8826,,
46443,화장품및화장용품도매업,NEXUSKYSDNBHD,"3A32,LEVEL4(LIFT7),BLOCKA,DAMANSARAINTAN,1,JALANSS20/27,47400PETALINGJAYA,SELANGOR,MALAYSIA.",37-886-8571,,,
46443,화장품및화장용품도매업,GOLDENCORNERSDNBHD,"293B,JALANTELUKGADONGBESAR1/KS1,41200KLANG,SELANGOR,MALAYSIA.",33-319-0788,,INFO@GOLDENCORNER.COM.MY,WWW.GOLDENCORNER.COM.MY
20423,화장품제조업,POLYGONTRADERSSDNBHD,"7B-G-3A,PALMCOURT2,JALANSERITANJUNGPINANG,10470PULAUPINANG,PULAUPINANG,MALAYSIA.",12-483-3285,,,
46443,화장품및화장용품도매업,HEALWELLPHARMACEUTICALSSDNBHD,"127B,JALANSS21/37,DAMANSARAUTAMA,47400PETALINGJAYA,SELANGOR,MALAYSIA.",35-569-5580,35-569-5254,,
46443,화장품및화장용품도매업,WONDERLABRESOURCESMSDNBHD,"PS-2A,TAMANEVERGREEN,BATU4,JALANKELANGLAMA,58100KUALALUMPUR,WILAYAHPERSEKUTUAN,MALAYSIA.",12-235-9177,,,WWW.ABLEANDIN.COM
46443,화장품및화장용품도매업,ATLCOSMETICSSDNBHD,"2-17-1,JALANJALILPERKASA13,AKEDESPLANAD,BUKITJALIL,57000KUALALUMPUR,WILAYAHPERSEKUTUAN,MALAYSIA.",36-201-0294,36-206-1899,,
46443,화장품및화장용품도매업,HONGKONGSASAMSDNBHD,"52,1STFLOOR,JALANSS21/58,DAMANSARAUTAMA,47400PETALINGJAYA,SELANGOR,MALAYSIA.",39-282-6877,39-281-8261,,
46443,화장품및화장용품도매업,BEAUTEMORISDNBHD,"105-07-08JALANGURDWARA,HEXAGONTECHPARK,10300GEORGETOWN,PULAUPINANG,MALAYSIA.",4218-9776,,ADMIN@BEAUTEMORI.COM,WWW.BEAUTEMORI.COM
46443,화장품및화장용품도매업,ASIANBEAUTYCORNERSDNBHD,"D12,TINGKAT1,PLAZAPEKELILING,2,JALANTUNRAZAK,50400KUALALUMPUR,WILAYAHPERSEKUTUAN,MALAYSIA.",12-382-2939,,,
46443,화장품및화장용품도매업,KIRAYENTERPRISESDNBHD,"ROOMB,3RD.FLOOR,,309-K,PERAKROAD,10150GEORGETOWN,PULAUPINANG,MALAYSIA.",17-407-8227,,,
46443,화장품및화장용품도매업,BLUEAPPLECOSMETICSMSDNBHD,"31B(B),JALANSJ17,TAMANSELAYANGJAYA,68100BATUCAVES,SELANGOR,MALAYSIA.",36-120-2272,36-120-2272,INFO@MEIKOCOSMETICS.COM.MY,WWW.MEIKOCOSMETICS.COM.MY
46443,화장품및화장용품도매업,NETWORKCHEMICALSINDUSTRIESSDNBHD,"19-1B,JALANPRIMA7,PUSATNIAGAMETROPRIMA,KEPONG,52100KUALALUMPUR,WILAYAHPERSEKUTUAN,MALAYSIA.",36-092-3863,,,
46443,화장품및화장용품도매업,ECOUPSSDNBHD,"L8-02,8THFLOOR,BREMMALL,OFFJALANKEPONG,52000KUALALUMPUR,WILAYAHPERSEKUTUAN,MALAYSIA.",11-1124-4906,,,
20423,화장품제조업,BEIERSDORFMANUFACTURINGMEXICOSADECV,"CTO.SANROQUEPONIENTEYNTENO.210MZ.1LT56,COL.P.I.STA.FEAMPLIACIONSILAO,SILAO,C.P.36275,GUANAJUATO,MEXICO",5247-2103-7528,,fabiola.delavega@biersdorf.com,
46443,화장품및화장용품도매업,ENERGIA5MAS1COMERCIOSADECV,"CIRCUITODELAINDUSTRIASURNO.36INT.EYD,COL.PARQUEINDUSTRIALLERMA,TOLUCA,C.P.52000,ESTADODEMEXICO,MEXICO",5272-8282-1749,,info@5mas1.com.mx,www.5mas1.com.mx
47813,"화장품,비누및방향제소매업",ITPHARMAMEXICOSADECV,"CALLEGABRIELMANCERANO.746,COLONIADELVALLECENTROALCALDIABENITOJUAREZ,CIUDADDEMEXICO03100MEXICO",5255-4974,,admin@itpharma.com.mx,www.itpharma.com.mx
46443,화장품및화장용품도매업,FGD,"RESIDENCELEJOYAUII,RUEIBNOUALMOUATAZ,1ERETAGEN¡Æ2,CASABLANCA,MOROCCO",2125-2232-7200,2125-2232-7205,contact@novatis-group.com,www.novatis-group.com
47813,"화장품,비누및방향제소매업",SOFINALIALTD,"SEC.BOTANICA,TRAIANSTREET22,CHISINAU,MD-2060,MOLDOVA",373-2283-0444,,sofinalia@gmail.com,www.cosmeticshop.md
46443,화장품및화장용품도매업,AJILABEAUTYLLC,"GRANDPLAZACENTER1STFLOOR1-1,BAYANGOLDISTRICT1NDKHOROO,ULAANBAATAR-16051,MONGOLIA",976-9911-3707,,info@ajila.mn,www.ajila.mn(notworking)
46443,화장품및화장용품도매업,YESSALESINC,"6009SANTAFEAVE.HUNTINGTONPARK,CA90255",32-3988-3838,90-9988-3555,sungkim@upparelusa.com,www.upparelusa.com
47813,"화장품,비누및방향제소매업",PERSONALIZEDBEAUTYDISCOVERYINC,"201BALDWINAVEFL2SANMATEO,CA94401",88-8769-4526,,,www.ipsy.com
20423,화장품제조업,ROBANDAINTERNATIONALINC,8260CAMINOSANTAFESTEASANDIEGOCA92121,61-9276-7660,,,
46443,화장품및화장용품도매업,BELLAMEBEAUTYINC,"5910PENWOODLN.DUBLIN,CA94568(대표자자택)",51-0663-7016,51-0462-5356,scott@bellame.com,www.bellame.com
20423,화장품제조업,GSCOSMECEUTICALUSAINC,"131PULLMANSTLIVERMORE,CA94551",92-5371-5000,,,
20423,화장품제조업,PRESPERSECORPORATION,19SCHOOLHOUSERDSOMERSETNJ08873,73-2356-5200,,,
46443,화장품및화장용품도매업,JPPOLYINC,"7700LITTLERIVERTPKESUITE205ANNANDALE,VA22003",57-1274-5087,,,
20423,화장품제조업,PACIFICWORLDCORPORATION,100TECHNOLOGYDRSTE200IRVINECA92618,94-9598-2400,,,
46443,화장품및화장용품도매업,NAILMARTINC,"321BROADAVESUITE127&131,RIDGEFIELD,NJ07657",20-1941-5777,20-1941-5931,,
47813,"화장품,비누및방향제소매업",SEPHORAUSAINC,525MARKETSTREET32NDFLOOR94105SANFRANCISCOCALIFORNIAUNITEDSTATESOFAMERICA/US,187-7737-4672,,privacy@sephora.com,http://www.sephora.com
46443,화장품및화장용품도매업,AMERICOSINC,"14555VALLEYVIEWAVE.#B,SANTAFESPRINGS,CA90670",71-4244-5230,56-2404-3533,kimchiman@gmail.com,www.kbeautywholesale.com
46443,화장품및화장용품도매업,FARSEDAKISHOLDINGSLLC,"17605CIRCLEPONDCTBOCARATON,FL33496",56-1482-5234,,,
20423,화장품제조업,FENCHEMINC,15308ELPRADORDCHINOCA91710,90-9597-8880,,,
20423,화장품제조업,MAESALLC,225LIBERTYST23RDFLNEWYORKNY10281,21-2674-5555,,,
46443,화장품및화장용품도매업,ROSEDENUITLLC,"4841W.ROYALLN.IRVING,TX75063",97-2232-7253,46-9998-9375,hayan410@kumwon.co.kr,www.rosedenuit.com
20423,화장품제조업,PRETTYWOMANLLC,35CORPORATEDRIVE11742HOLTSVILLENEWYORKUNITEDSTATESOFAMERICA/US,163-1438-0480,163-1438-0481,shop@prettywomanusa.com,https://www.prettywomannyc.com/
47813,"화장품,비누및방향제소매업",VIORIBEAUTYLLC,325W500NSUITE#584601PROVOUTAHUNITEDSTATESOFAMERICA/US,180-1900-1687,,support@viori.com,https://viori.com
46443,화장품및화장용품도매업,ESCUSACORP,"4147150THST1STFL,FLUSHING,NY11355",91-7563-5574,91-7563-5583,,
46443,화장품및화장용품도매업,UNITEDEXCHANGECORP,"5836CORPORATEAVE.CYPRESS,CA90630",56-2977-4500,56-2977-4745,eugene@ueccorp.com,
20423,화장품제조업,UNIVERSALBEAUTYPRODUCTSINC,"500WALLSTGLENDALEHEIGHTS,IL60139",84-7805-4100,84-7805-6986,,universalbeauty.com
46443,화장품및화장용품도매업,LEEANDGENGLOBALCORPORATION,"17210MARQUARDTAVE.CERRITOS,CA90703",56-2333-8284,,wjlee@iworldus.com,www.iworldus.com
46443,화장품및화장용품도매업,KJKOREAINC,3250WOLYMPICBLVDSTE22490006LOSANGELESCALIFORNIAUNITEDSTATESOFAMERICA/US,121-3393-2824,,sales@ohhealthkorea.com,http://www.eng.ohhealthkorea.com/
46443,화장품및화장용품도매업,EVOLUESKINCAREINC,"287S.ROBERTSONBLVD.STE363,BEVERLYHILLS,CA90211",31-0569-6976,,kristin@evoluebeauty.com,www.evolue.com
47813,"화장품,비누및방향제소매업",DKSHNORTHAMERICAINC,350CLARKDRSTE325BUDDLAKENJ07828,97-3810-5511,,,
20423,화장품제조업,KOLMARLABORATORIESINC,20WESTKINGSTREET12771PORTJERVISNEWYORKUNITEDSTATESOFAMERICA,184-5856-5311,,info@kolmar.com,http://www.kdc-one.com/network/kolmar/
20423,화장품제조업,INTERMOUNTAINNUTRITIONLLC,1851WESTUTAHAVENUE84651PAYSONUTAHUNITEDSTATESOFAMERICA/US,180-1788-4350,,,https://www.intermountainnutrition.com
20423,화장품제조업,FAREVAMORTONGROVEINC,"6901GOLFRDMORTONGROVE,IL60053",84-7966-0200,,,
20423,화장품제조업,RAREBEAUTYBRANDSINC,83MORSESTE8ANORWOODMA02062,88-8243-0646,,,
20423,화장품제조업,REVLONINC,1NEWYORKPLZNEWYORKNY10004,21-2527-4000,,,
46443,화장품및화장용품도매업,BOBINTERNATIONALCORP,"200GATESRDUNITDLITTLEFERRY,NJ07643",20-1641-0550,20-1641-0277,,www.bob-usa.com
20423,화장품제조업,VEEPAKLLC,6710RIVERROAD60525HODGKINSILLINOISUNITEDSTATESOFAMERICA,170-8482-8881,,info@voyantbeauty.com,http://www.voyantbeauty.com
20423,화장품제조업,LANCERSKINCARELLC,440NRODEODRBEVERLYHILLSCA90210,31-0363-7667,,,
46443,화장품및화장용품도매업,ARCADIABEAUTYLABSLLC,3001COLORADOBOULEVARD76210DENTONTEXASUNITEDSTATESOFAMERICA/US,194-0898-7500,,sbcs@sallybeauty.com,http://www.sallybeautyholdings.com
46443,화장품및화장용품도매업,TINOHINTERNATIONALLLC,"434B6THSTREET,PALISADESPARK,NJ07650",64-6327-7048,20-1482-4628,sunoh57@yahoo.com,www.christineohsemiperm.com
20423,화장품제조업,KAYVADISTRIBUTIONLLC,2201NW102PLUNIT4AMIAMIFL33131,30-5428-2816,,,
20423,화장품제조업,COSMETIXWEST,2305UTAHAVENUE90245ELSEGUNDOCALIFORNIAUNITEDSTATESOFAMERICA/US,131-0726-3080,131-0726-3083,info@cosmetixwest.com,http://www.cosmetixwest.com
20423,화장품제조업,FAROUKSYSTEMSINC,250PENNBRIGHTDRHOUSTONTX77090,28-1876-2000,,,
20423,화장품제조업,SGBPACKAGINGGROUPINC,401HACKENSACKAVE7THFLRHACKENSACKNJ07601,20-1488-3030,,,
46443,화장품및화장용품도매업,BEAUTYSYSTEMSGROUPLLC,3001COLORADOBOULEVARD76210DENTONTEXASUNITEDSTATESOFAMERICA,194-0898-7500,,,http://www.cosmoprofbeauty.com
47813,"화장품,비누및방향제소매업",ALBAHARTRADINGCOWLL,"BUILDING542,STREET329SHAIKHABDULLAAVENUE,BLOCK304,MANAMACENTER,P.O.BOX:2874,BAHRAIN",973-1727-2134,,albahar.bh@batelco.com.bh,
46443,화장품및화장용품도매업,ASSOCIATEDSERVICES,"425,BOROMAGBAZARRAMNADHAKA,DHAKA,BANGLADESH",880-2901-5178,,fawa5624@gmail.com,
46443,화장품및화장용품도매업,UNITRADEINTERNATIONAL,"YMCABHABAN(1STFLOOR),1/1,PIONEERROAD,KAKRAIL(RAMNA),DHAKA-1000,BANGLADESH",880-2935-4977,,unitradeintl_bd@yahoo.com,
20423,화장품제조업,MARICOBANGLADESHLIMITED,"HOUSE-1,ROAD-1,SECTOR-1,UTTARA,DHAKA-1230,BANGLADESH",,,info@marico.com,www.marico.com/bangladesh
46443,화장품및화장용품도매업,VINAKORHANQUOCCORPORATIONCOMPANY(VINAKORHANQUOCCORP),"429/36NGUYENKIEMSTREET,WARD09,PHUNHUANDISTRICT,HCMC,VIETNAM",,,,http://vinakor.net
46443,화장품및화장용품도매업,SARTVIETNAMSINGLEMEMBERCOMPANYLIMITED,"11THFLOOR,ANPHUBUILDING,NO.24,HOANGQUOCVIETSTREET,NGHIADOWARD,CAUGIAYDISTRICT,HANOICITY,VIETNAM",849-6979-2951,,,
46443,화장품및화장용품도매업,SYKOREACOMPANYLIMITED(SYKOREACOLTD),"SUITE301,FLOOR3,NO.68TRANTHAITONGSTREET,DICHVONGHAUWARD,CAUGIAYDISTRICT,HANOICITY,VIETNAM",849-6889-1051,,,
46443,화장품및화장용품도매업,DELOVECOSMETICCOMPANYLIMITED(DELOVECOSMETICCOLTD),"NO.313/2A,BATHANGHAISTREET,WARD10,DISTRICT10,HOCHIMINHCITY,VIETNAM",849-0977-2420,,myphamdelove@gmail.com,http://myphamdelove.com
46443,화장품및화장용품도매업,PANDAGROUPJOINTSTOCKCOMPANY(PANDAGRJSC),"NO.72NGUYENKHANGSTREET,YENHOAWARD,CAUGIAYDISTRICT,HANOICITY,VIETNAM",8424-6666-6838,,info@pandagroup.com.vn,http://pandagroup.com.vn
20423,화장품제조업,SEOULVIETNAMCOSMETICSJOINTSTOCKSCOMPANY(SOVICOSJSC),"NO.A5,KIZUNA2FACTORYAREA,LOTB4-3-7-8,TANKIMINDUSTRIALPARK,TANKIMCOMMUNE,CANGIUOCDISTRICT,LONGANPROVINCE,VIETNAM",8427-2625-6188,8427-2625-6177,info@sovicos.com,https://sovicos.com
46443,화장품및화장용품도매업,MEEINTRADINGSERVICECOMPANYLIMITED(MEEINCOLTD),"SUITE19,FLOOR34,G3BUILDING,VINHOMEGREENBAYURBANAREA,NO.7,THANGLONGBOULEVARD,METRIWARD,SOUTHTULIEMDISTRICT,HANOICITY,VIETNAM",843-8587-5555,,,http://meein.vn/
20423,화장품제조업,SUNPACCOMPANYLIMITED(SUNPACCOLTD),"BINHPHUOCBQUARTER,BINHCHUANWARD,THUANANTOWN,BINHDUONGPROVINCE,VIETNAM",8427-4371-1561,8427-4371-1562,,
46443,화장품및화장용품도매업,UNIVERSEGENERALTRADINGSERVICESJOINTSTOCKCOMPANY(UNIVERSEGENERALTRADINGSERVICESJSC),"NO.296,HAIBATRUNGSTREET,TANDINHWARD,DISTRICT1,HOCHIMINHCITY,VIETNAM",8428-3829-3105,,customercare@hsvgroup.com.vn,https://beautybox.com.vn/
46443,화장품및화장용품도매업,IPIAKOREACOSMETICSCOMPANYLIMITED(IPIAKOREACOSMETICSCOLTD),"NO.20,LANE76,NGUYENCHITHANHSTREET,LANGTHUONGWARD,DONGDADISTRICT,HANOICITY,VIETNAM",8424-6686-4198,,drhedison@gmail.com,http://drhedison.com.vn
46443,화장품및화장용품도매업,BEAUTIFULLIFEIMPORTEXPORTCOMPANYLIMITED,"NO.230TER,PASTEURSTREET,WARD06,DISTRICT3,HOCHIMINHCITY,VIETNAM",8428-6290-6888,,info@ipretty.vn,www.ipretty.vn
20423,화장품제조업,VINACOSMOCOLTD,"LOTAN59,ROADNO.15,TANTHUANEXPORTPROCESSINGPARK,TANTHUANDONGWARD,DISTRICT7,HOCHIMINHCITY,VIETNAM",8428-3770-1813,8428-3770-1815,vinacosmo@hcm.vnn.vn,http://www.cosmobeauty.co.jp
46443,화장품및화장용품도매업,BICOLABCOMPANYLIMITED(BICOLABLLC),"2NDFLOOR,LIDACO-VINACONEX7TOWER,NO.19,DAITUSTREET,DAIKIMWARD,HOANGMAIDISTRICT,HANOICITY,VIETNAM",849-6122-6222,,bicolabvn@gmail.com,https://www.bicolab.vn/
46443,화장품및화장용품도매업,VIETMYSINGINTERNATIONALJOINTSTOCKCOMPANY(VMSINTERNATIONALJOINTSTOCKCOMPANY),"NO.76/17/5,PHANTAYHOSTREET,WARD07,PHUNHUANDISTRICT,HOCHIMINHCITY,VIETNAM",8428-6651-6777,,contact@greenaroma.vn,www.greenaroma.vn
46443,화장품및화장용품도매업,ASENKOVIJOINTSTOCKCOMPANY(ASENKOVIJSC),"NO.6,LANE70/79/2,VANTRISTREET,VANTRI2GROUP,MINHKHAIWARD,NORTHTULIEMDISTRICT,HANOICITY,VIETNAM",849-4242-9789,,,
46443,화장품및화장용품도매업,COLUMBUSDANDIVINACOMPANYLIMITED(COLUMBUSDANDIVINACOLTD),"NO.27-29-31,ROAD9A,TRUNGSONRESIDENTIALAREA,BINHHUNGCOMMUNE,BINHCHANHDISTRICT,HOCHIMINHCITY,VIETNAM",8428-5431-6988,,chauisland79@yahoo.com,
46443,화장품및화장용품도매업,DALINKVIETNAMCOMPANYLIMITED,"NO.103,DOICANSTREET,DOICANWARD,BADINHDISTRICT,HANOICITY,VIETNAM",8424-6273-6879,,,http://waxinghouse.vn
20423,화장품제조업,SAOVIETINDUSTRIALTECHNOLOGYCOLTD(SAVIINTECHCOLTD),"NO.8,ROAD8A,TRUNGSONRESIDENTIALAREA,BINHHUNGCOMMUNE,BINHCHANHDISTRICT,HOCHIMINHCITY,VIETNAM",8428-5431-7966,8428-5431-7969,saviintech@saviintech.vn,https://www.saviintech.com
46443,화장품및화장용품도매업,LEGIANGCOSMETICLIMITEDCOMPANY(LEGIANGCOSMETICLIMITEDCOLTD),"NO.4B/1/83MIEUHAIXA,DUHANGKENHWARD,LECHANDISTRICT,HAIPHONGCITY,VIETNAM",8422-5262-8899,,,http://gcell.vn
20423,화장품제조업,LGVINACOSMETICSCOLTD(LGVINACOSMETICS),"NHONTRACH2INDUSTRIALPARK,HIEPPHUOCCOMMUNE,NHONTRACHDISTRICT,DONGNAIPROVINCE,VIETNAM",8425-1356-0575,8425-1356-0576,,http://www.lgcare.com.vn
46443,화장품및화장용품도매업,BEAUTYDRIVELTD,"KUZMICHORNOGOSTREET3,PREMISES2,MINSK,220012,BELARUS",3754-4501-3001,3751-7334-8080,top.marketing@lorel.by,http://beautydrive.by/
46443,화장품및화장용품도매업,COSMETICSANDMEDICINEPRIVATETRADEUNITARYENTERPRISE(CHTUPKOSMETIKAIMEDITSINA),"KISELEVASTREET,10,PREM.4N,ROOM7P,MINSK,220029,BELARUS",3751-7352-1689,3751-7352-1689,kosmed05@mail.ru,http://www.kosmed.by/
46443,화장품및화장용품도매업,PARFUMBYTHIMLLC,"SCHOMISLITSKIYRURALCOUNCIL,MENKOVSKIYTRAKT,14,ROOM103,OZERTSOSETTLEMENT,MINSKREGION,MINSKDISTRICT,223021,BELARUS",,,info@parfumbel.com,
46443,화장품및화장용품도매업,BULMEDCONSULTLTD,"UL.ALEKSANDARJENDOVNO.1,ET.9,AP.17,SOFIA,1113,BULGARIA",259-0929,,office@bulmed.bg,www.bulmed.bg
46443,화장품및화장용품도매업,FARMANDALACOMERCIOLTDA,"AV.DASAMERICAS,17.150,SALA122,BLOCO01,RECREIODOSBANDEIRANTES,22790-704,RIODEJANEIRO-RJ,BRAZIL",,,,
20423,화장품제조업,MARDAMINDUSTRIAECOMERCIODEPRODUTOSDEHIGIENELTDA,"RUAIPANGUACU,395,JARDIMTERESAPALMA,08555-260,POA-SP,BRAZIL",5511-2148-2500,5511-2148-2500,elisa.compras@mardamdry.com.br,www.mardamdry.com.br
46443,화장품및화장용품도매업,EBBCCOMERCIODECOSMETICOSEPRODUTOSDEHIGIENELTDA,AV.PORTUGAL400GALPAO:3ARUAONUM35A3ITAQUI06696-060ITAPEVISPBRAZIL,5511-3554-9600,,guilherme@drjones.com.br,
47813,"화장품,비누및방향제소매업",ALLURECOSMETICOSLTDA,"RUA906,41,-SALA01-TERREO,CENTRO,88330-584,BALNEARIOCAMBORIU-SC,BRAZIL",,,trw_weber@hotmail.com,
46443,화장품및화장용품도매업,SKINSTORECOMERCIOIMPORTACAOEEXPORTACAODEPRODUTOSDESAUDEESTETICAEBELEZALTDA,"AV.JOAOPAULOABLAS,377,-SALA07,JARDIMDAGLORIA,06711-250,COTIA-SP,BRAZIL",5511-4777-9345,,sac@occotia.com.br,
46443,화장품및화장용품도매업,NRSENTRADINGESTABLISHMENT,"ALMEAQLIACENTER-DON4OFFICE307,3EDFLOOR,IMMAMTURKIBINABDULLAHROAD,ALDEERAHDISTRICT,RIYADH,POSTCODE:12634,SAUDIARABIA",9665-5511-0459,,,
46443,화장품및화장용품도매업,ALMUSBAHGLOBALTRADINGCOLTD,"ALMUSBAHCENTER,ALBALADDISTRICT-AL-KHASIKIA,JEDDAH,POSTCODE:21455,SAUDIARABIA",9665-0654-6551,9661-2558-5982,info@almsbahgroup.com,http://www.almusbah.com/(Group'swebsite)
46443,화장품및화장용품도매업,LIMITEDLIABILITYCOMPANYFORDOMESTICANDFOREIGNTRADEMAURICIUSBELGRADEOLDTOWN,"BATAJNICKIDRUMBB,BEOGRAD80,11080,SERBIA",3811-1268-6775,3811-1307-7944,office@mauricius.rs,www.mauricius.rs
20423,화장품제조업,HARUMIHOLDINGSPRIVATELIMITED,"PORUWADANDA,HORANA-12400,SRILANKA",941-1225-8050,941-1225-8051,fabian@harumi.lk,
20423,화장품제조업,K9COMPETITIONAB,"BORSLOVSVAGEN3,25373,GANTOFTA",46-4215-7190,,,
46443,화장품및화장용품도매업,BALMIDAB,"ELEKTRAVAGEN22,12630,HAGERSTEN",46-8641-3400,,,
46443,화장품및화장용품도매업,AMLABEAUTYAB,"ESKADERVAGEN4PLAN4,18354,TABY",467-3528-8566,,,
20423,화장품제조업,TEMMENTECAG,LUETOLDSTRASSE63454SUMISWALDSWITZERLAND,413-4432-6111,413-4432-6191,contact@temmentec.ch,www.temmentec.ch
20423,화장품제조업,PROCTERANDGAMBLEINTERNATIONALOPERATIONSSA(PROCTERANDGAMBLEINTERNATIONALOPERATIONSLTD/PROCTERANDGAMBLEINTERNATIONALOPERATIONSAG),"47,ROUTEDEST-GEORGES1213PETIT-LANCYSWITZERLAND",58-709-6111,,mediateam.im@pg.com,www.pg.com
20423,화장품제조업,NICHEBEAUTYLABSOCIEDADLIMITADA,"CARRETERAMALGRAT,20-NAV1017300,BLANESGERONASPAIN",348-7223-5125,,,www.nichebeautylab.com
20423,화장품제조업,SESDERMASL,"CALLEMASSAMAGRELL(POL.IND.RAFELBUNYOL),546138,RAFELBUNYOLVALENCIASPAIN",349-0241-2058,349-6141-2623,,www.sesderma.com
20423,화장품제조업,CREACIONESAROMATICASINDUSTRIALESSA,"POLIGONOINDUSTRIALCANLLOBET(CLJOAQUINCUATRECASESIARUMI),208192,SANTQUIRZEDELVALLESBARCELONASPAIN",349-3712-3233,349-3711-2364,,www.carinsa.com
46443,화장품및화장용품도매업,WOSSPROIZVODNJAINTRGOVINADOO,"VRHPOLJEPRIKAMNIKU251,KAMNIK,1241,SLOVENIA",386-4077-0119,,healthyskin.eu@gmail.com,healthyskin.eu
46443,화장품및화장용품도매업,HOMETALKPRODUCTS,20WOODLANDSLINK#04-25SINGAPORE738733,65-9625-0308,,hometalkproducts@gmail.com,
46443,화장품및화장용품도매업,APRTRADELINKLLP,2VENTUREDRIVE#14-02VISIONEXCHANGESINGAPORE608526,65-9744-2323,,admin@iglow.sg,www.iglowbeautysg.wixsite.com
46443,화장품및화장용품도매업,KSLINKPTELTD,20TOHGUANROAD#04-01CJKOREAEXPRESSBUILDINGSINGAPORE608839,,,brian@blskorea1.com,
20423,화장품제조업,DSMNUTRITIONALPRODUCTSASIAPACIFIC,30PASIRPANJANGROAD#13-31MAPLETREEBUSINESSCITYSINGAPORE117440,65-6632-6500,,joreen.tan@dsm.com,www.dsm.com
20423,화장품제조업,SYMRISEASIAPACIFICPTELTD,226PANDANLOOPSINGAPORE128412,65-6779-4551,65-6779-5904,destina.nassir@symrise.com,www.symrise.com
20423,화장품제조업,TAKASAGOINTERNATIONALSINGAPOREPTELTD,5SUNVIEWROADSINGAPORE627616,65-6779-1077,65-6777-5000,admin_tis@takasaga.com,www.takasago.com
46443,화장품및화장용품도매업,COSBIZHOLDINGSPTELTD,7MANDAILINK#08-40MANDAICONNECTIONSINGAPORE728653,65-6255-1066,65-6255-1066,enquiry@cos-biz.com,www.cos-biz.com
46443,화장품및화장용품도매업,SECRETIVEPTELTD,33DEVONSHIREROAD#03-00239852SINGAPORE,65-6235-2032,65-6899-1718,admin@secretive.sg,www.secretive.sg
47813,"화장품,비누및방향제소매업",HERBSINSYNCPTELTD,30CECILSTREET#19-08PRUDENTIALTOWERSINGAPORE049712,65-6320-1888,,,
20423,화장품제조업,NARDEVCHEMIEPTELTD,61KAKIBUKITAVENUE1#05-45SHUNLIINDUSTRIALPARKSINGAPORE417943,65-6743-7480,65-6743-2346,info@nardev.com,www.nardev.com
46443,화장품및화장용품도매업,GLOBALBEAUTYINTERNATIONALPTELIMITED,151LORONGCHUAN#03-07NEWTECHPARKSINGAPORE556741,65-6708-8700,65-6708-8742,,
20423,화장품제조업,GREENPLANETINDUSTRIES,"JEBELALIINDUSTRIAL2,DUBAI,UNITEDARABEMIRATES",971-4885-7501,971-4885-7502,kamlakar.kilari@gpi-ae.com,www.gpi-ae.com
20423,화장품제조업,ZAMZAMPERFUMESINDUSTRIALCOLLC,"INDUSTRIALAREA#17STREET#1,KALBAROAD,SHARJAH,UNITEDARABEMIRATES",971-6534-5866,,zamzamco@eim.ae,
20423,화장품제조업,ABCINDUSTRIESLLC,"PLOTNO.L211-216,ALTAWYEEN,NEARALFANARMARKET,ALGHAILINDUSTRIALZONE-NFZ,RAKEZ,RASALKHAIMAH,UNITEDARABEMIRATES",971-7258-9174,971-7258-9176,abcind@abcindllc.com,http://www.coolandcool.ae
46443,화장품및화장용품도매업,MADIINTERNATIONALCOLLC(MIC),"WHOLEFLOOR,31STFLOOR,BB1TOWER,ALMAZAYABUSINESSAVENUE,JUMEIRAHLAKETOWER(JLT),DUBAI,UNITEDARABEMIRATES",971-4240-4014,,info@qa.madi-intl.com,www.madi-intl.com
46443,화장품및화장용품도매업,NOVACHOICEGENERALTRADINGLLC,"SHOPNO.3,SULAIMANABDULWAHABAHMEDISMAILBUILDING,OPP.OFDUBAIISLAMICBANK(OLDBRANCH),ALDAGHAYA,DEIRA,DUBAI,UNITEDARABEMIRATES",971-4220-2141,,burhan@canadagreengate.com,
46443,화장품및화장용품도매업,SPECIALIZEDBEAUTYESTABLISHMENT,"OFFICENO.4,MUSSAFAHM-25,PLOTNO.23,ABUDHABI,UNITEDARABEMIRATES",971-2627-5926,971-2626-7370,info@specializedbeauty.com,www.specializedbeauty.com
46443,화장품및화장용품도매업,IMDADFZCO,"OFFICENO.101,1STFLOOR,WESTWING3,DUBAIAIRPORTFREEZONEAUTHORITYDAFZA,DUBAI,UNITEDARABEMIRATES",971-4299-4504,971-4299-4514,Tamer.wali@imdad.com,www.imdad.com
46443,화장품및화장용품도매업,HATTASTARTRADINGLLC,"SHOPNO.9,GROUNDFLOOR,SUKHALAJMANIBUILDING,BEHINDSABKABUSSTATION,DEIRA,DUBAI,UNITEDARABEMIRATES",971-4225-9287,971-4225-9288,hattastartrading@gmail.com,
46443,화장품및화장용품도매업,MIKGENERALTRADINGLLC,"14,ICONCENTERFORWORKERSPROPERTY-OUDMETHA-OFFICE203,DUBAI,P.O.BOX:64027,UNITEDARABEMIRATES",971-4363-5662,971-4363-5662,mikbeautykorea@gmail.com,https://beautykoreadubai.com/
20423,화장품제조업,COLEPSCITRAAEROSOLS(CSA),"GLOBALFOODINDUSTRIES,NEAREMIRATESROAD&ALDHAIDROAD,ALSAJAAINDUSTRIALAREA,,SHARJAH,UNITEDARABEMIRATES",971-6531-1174,971-6533-9050,enquiries@colepscitra.ae,www.colepscitra.ae
46443,화장품및화장용품도매업,CDIMEXSA,"BOULEVARDPRESIDENTEJULIOA.ROCA378,(S2300KCQ),RAFAELA,SANTAFE,ARGENTINA",,,nroldan@cdimex.com.ar,www.cdimex.com.ar
46443,화장품및화장용품도매업,MOLINADERTEANOANDRESMARTIN,AVENIDAALMIRANTEBROWN235PISO3¡ÆDEPARTAMETOIT420C1155ADC-CIUDADDEBUENOSAIRESARGENTINA,,,andres_molina@amdconsulting.com.ar,
20423,화장품제조업,BEIERSDORFSA,"AVENIDATRIUNVIRATO2902,(C1427AAP),CIUDADDEBUENOSAIRES,ARGENTINA",,,vanesa.tommaso@beiersdorf.com,www.beiersdorf.com.ar
47813,"화장품,비누및방향제소매업",SABINAPANDCLTD,"AZIZALIYEVSTREET11,SABAILDISTRICT,BAKU,AZ1005,AZERBAIJAN",9941-2497-8115,9941-2440-4282,office@sabina.az,http://www.sabina.az
46443,화장품및화장용품도매업,EXPRESSPHARMALIMITEDLIABILITYCOMPANY,"LARUSHK140/48,FUSHEKRUJE,DURRES,1502,ALBANIA",3556-7545-7148,355-5632-2626,info@expresspharma-al.com,www.expresspharma-al.com
46443,화장품및화장용품도매업,DUNESCOSMETICS,"CITE602,LOTISSEMENTVILLAN¡Æ38,CHERAGA,ALGER,POSTCODE:16002,ALGERIA",213-2128-4343,213-2122-8812,info@dunescometics.com,www.dunescosmetics.com
20423,화장품제조업,SARLLABORATOIRESVENUSSAPECO(SAPECO),"80,RUEDU17SEPTEMBRE1956,OULEDYAICH,BLIDA,POSTCODE:9100,ALGERIA",213-2526-9144,213-2527-5353,contact@labovenus.dz,http://www.labovenus.dz/
46443,화장품및화장용품도매업,ORIENTRADELTD,"SAALUNGITN18,TARTU,TARTUCOUNTY,50411,ESTONIA",37-2506-4230,,madis.vahtre@orientrade.net,www.orientrade.net
47813,"화장품,비누및방향제소매업",BALTICBEAUTYPROFLTD,"LASNAMAELINNAOSA,KATUSEPAPITN4/2,TALLINN,HARJUCOUNTY,11412,ESTONIA",372-5559-9748,,info@balticbeautyprof.com,balticbeautyprof.com
20423,화장품제조업,OTELOYFABELLSA,KM.15VIAADAULEAV.LUISCHIRIBOGAGUAYAQUILGUAYAQUILECUADOR,593-4216-0000,593-4500-5055,pgomez@otelo.ec,www.otelofabell.com
46443,화장품및화장용품도매업,GRUPOCARSENSADECV,"CARRETERAANEJAPAKM.20,COMPLEJODEOFIBODEGAS,BODEGA#2,SANSALVADOR,ELSALVADOR",503-2263-1556,,mflores@grupocarsen.com,www.grupocarsen.com
20423,화장품제조업,LUMIERECOSMETICSLTD,78MEDINAROADBIRMINGHAMENGLANDB113SBUNITEDKINGDOM,,,,
20423,화장품제조업,BCMLIMITED,1THANEROADWESTNOTTINGHAMENGLANDNG23AAUNITEDKINGDOM,11-5968-6326,,commercial.bcm@fareva.com,www.bcm-manufacturing.com
47813,"화장품,비누및방향제소매업",BEAUTYBAYLIMITED,"LEVEL12NUMBER5,EXCHANGEQUAY,MANCHESTER,M53EF.",87-0747-1361,,sales@beautybay.com,www.beautybay.com
46443,화장품및화장용품도매업,IMPULSEGLOBALSOLUTIONSLIMITED,"5ARMSTONROAD,QUORN,LOUGHBOROUGH,LE128QP.",14-5561-8629,,steve@impulse.co.uk,
46443,화장품및화장용품도매업,REVOLUTIONBEAUTYLIMITED,"2-3SHEETGLASSROAD,CULLETDRIVE,QUEENBOROUGH,KENT,ME115JS.",33-0111-0032,,,www.revolutionbeauty.com
46443,화장품및화장용품도매업,AUMEXGMBH,KAISERGASSE304020LINZOBEROESTERREICHAUSTRIA,73-277-0575,,office@aumex.at,
46443,화장품및화장용품도매업,AKBIOCOSMETICSGMBH,KLOSTERNEUBURGERSTRASSE26/22103LANGENZERSDORFNIEDEROESTERREICHAUSTRIA,66-0607-8290,,impressum@akbiocosmetics.com,www.akbiocosmetics.com
46443,화장품및화장용품도매업,OMARFUADALIABDELRAZAQ,"TLA'AALALI,OFFICENO.404,ALBASEMBUILDING,ALMADINAALMONAWARASTREET,AMMAN,JORDAN",9627-9999-9096,,omar.shaker@dermayouth.co,
47813,"화장품,비누및방향제소매업",COSTATRADELTD,"248,BOGIBUSTONSTREET,YAKKASARAYDISTRICT,TOSHKENT,TOSHKENTREGION,100121,UZBEKISTAN",9987-1150-3380,9987-8129-7770,customer@bellstore.uz,www.bellstore.uz
47813,"화장품,비누및방향제소매업",REALPOWERBUSINESSLLC,"1/50,CHILONZORDISTRICT-7,TOSHKENT,TOSHKENTREGION,100096,UZBEKISTAN",9989-7712-2302,,info@lillykay.uz,www.lillykay.uz
46443,화장품및화장용품도매업,PRAXETCOSMETICLLC,"04073UKRAINE,KYIV17KURENIVSKYILANE",3804-4467-5989,,info@praxet.com,https://praxet.com/
46443,화장품및화장용품도매업,LLCCMTUKRAINE,"69057UKRAINE,ZAPORIZHZHIA1YATSENKASTR.,OFFICE42",3806-7612-5028,,pmu@reis.zp.ua,
47813,"화장품,비누및방향제소매업",DCUKRAINELLC,"04073UKRAINE,KYIV28AMOSKOVSKYIAVE.",3804-4423-0701,,info@watsons.ua,https://www.watsons.ua
47813,"화장품,비누및방향제소매업",VNR,"246BENYEHUDATELAVIV-JAFFA,6350107,ISRAEL",972-3639-8110,,,breaker.co.il/
46443,화장품및화장용품도매업,LILITCOSMETICSLTD,"HEVELMODI'ININDUSTRIALZONEHEVELMODI'ININDUSTRIALZONE,7319900,ISRAEL",972-3900-4700,972-3903-2255,info@lilit.co.il,www.lilit.co.il
46443,화장품및화장용품도매업,UNIVERSALIMPORTANDEXPORTEZZELDINELNAGGARANDCO,"39,SAIEDSTREET,CROSSALASHRAFSTREET,BESIDEFACULTYOFCOMMERCE,GROUNDFLOOR,TANTA,GHARBEYA,EGYPT",2011-1288-1007,204-0330-3652,universal-elnaggar@hotmail.com,
20423,화장품제조업,LOREALCOSMETICSINDUSTRYSAE(LOREAL),"INDUSTRIALZONEA7,PYRAMIDSPARK,10THOFRAMADAN,10THOFRAMADANCITY,SHARKEYA,EGYPT",202-2614-7400,202-2614-7412,zahraa.mostafa@loreal.com,www.loreal.com
20423,화장품제조업,LUNACOFORPERFUMESANDCOSMETICSINDUSTRYPACSAE(PAC),"4THINDUSTRIALZONE,PLOT76,6THOFOCTOBER,6THOFOCTOBERCITY,GIZA,EGYPT",202-2234-9166,202-3232-2858,ayman.makram@lunapac.com,www.luna.com.eg
20423,화장품제조업,HUWELLCHEMICALSSPA,VIAMAURIZIOGONZAGA3MILANO(MILANO)20123ITALY,3902-3350-1936,3902-3357-6965,info@huwell.it,www.huwell.it
20423,화장품제조업,MAVIVESPA,VIAALTINIA298/BDESEVENEZIA(VENEZIA)ITALY30173,3904-1541-7771,3904-1541-7798,info@mavive.com,www.mavive.com
20423,화장품제조업,FABYLINESRL,VIAMEUCCIEXSTABILIMENTOCHATILLONEXSTABILIMENTOCHATILLONVERCELLI(VERCELLI)ITALY13100,3901-6121-5333,3901-6125-0523,info@fabyline.it,www.fabyline.it
20423,화장품제조업,SUNTARACOSMETICSPRIVATELIMITED,"PLOTB-1,PHASEIMEPZ-SEZ,TAMBARAM,CHENNAI-600045,TAMILNADU,INDIA",9144-4224-8900,9144-2262-2295,krishnan.d@suntara-india.com,
46443,화장품및화장용품도매업,SAIWELLNESS,"302,VAIBHAVAPT,BHANDARLANE,L.J.ROAD,,MUMBAI-400016,MAHARASHTRA,INDIA",9198-7026-1526,,sales.saiwellness@gmail.com,
20423,화장품제조업,SAICORPORATION,"KHASRANO.353/196/186/1-2,VILLAGEJOHRONTRILOKPURROAD,KALAAMB,DIST,SIRMOUR-173030,HIMACHALPRADESH,INDIA",9193-1290-2857,,accountsai@wonderproducts.co.in,
46443,화장품및화장용품도매업,APHROZONEINDIAPRIVATELIMITED,"A-901,ARSHIECOMPLEXCHSL,PANCHMARGOFF.YARIROAD,ANDHERIWEST,MUMBAI-400061,MAHARASHTRA,INDIA",,,sk16071978@gmail.com,
46443,화장품및화장용품도매업,BEAUTYCONCEPTSPRIVATELIMITED,"VARDAANSUITENO-405,25A,CAMACSTREET,PARKSTREET,KOLKATA-700016,WESTBENGAL,INDIA",9133-2287-2358,9133-2247-6872,bcpl_calcutta@bcplindia.com,www.bcplindia.com
20423,화장품제조업,NIVEAINDIAPRIVATELIMITED,"4THFLOOR,ARTGUILDHOUSE,PHOENIXMARKETCITY,KURLA(W),MUMBAI-400070,MAHARASHTRA,INDIA",9122-6645-9911,,kai-boris.bendix@beiersdorf.com,www.nivea.in
20423,화장품제조업,SYMRISEPRIVATELIMITED,"140OLDMAHABALIPURDAMROAD,SEMMANCHERI,CHENNAI-600119,TAMILNADU,INDIA",9144-2450-1739,9144-2450-1737,vsundar@symrise.com,www.symrise.com
46443,화장품및화장용품도매업,MEDIZONEAESTHETICS,"SACHININDUSTRIALPREMISES,UNITNO-3,1STFLOOR,KOLBADROAD,SHELARPADA,THANE-400602,MAHARASHTRA,INDIA",,,vinayj.msl@gmail.com,
20423,화장품제조업,PROCTERANDGAMBLEHOMEPRODUCTSPRIVATELIMITED,"P&GPLAZA,CARDINALGRACIASROAD,CHAKALA,ANDHERI(EAST),MUMBAI-400099,MAHARASHTRA,INDIA",9122-2826-6000,9122-6693-9696,machado.f.1@pg.com,www.pg.com
20423,화장품제조업,MARICOLIMITED,"MARICOLIMITED,7THFLOOR,GRANDEPALLADIUM,175,CSTROAD,KALINA,SANTACRUZ(EAST),MUMBAI-400098,MAHARASHTRA,INDIA",9122-2644-3711,9122-2641-0106,investor@marico.com,www.marico.com
46443,화장품및화장용품도매업,HERAHOSPITALITYPRIVATELIMITED,"191ISTFLOORSHAHPURJAT,NEWDELHI-110049,DELHI,INDIA",,,herahospitality@gmail.com,
20423,화장품제조업,PTCOSMAXINDONESIA,"JL.RAYABOGORKM26.4,CIRACASKOTAADMINISTRASIJAKARTATIMUR,13740,DKIJAKARTA,INDONESIA",6221-2961-6781,6221-2947-9397,marketing@cosmax.co.id,www.cosmax.co.id
20423,화장품제조업,RUDYSOETADIPT,"BINAMULIAIBUILDING,JL.H.R.RASUNASAIDKAV.11,KUNINGANKOTAADMINISTRASIJAKARTASELATAN,12950,DKIJAKARTA,INDONESIA",2921-2667,2919-5201,,
46443,화장품및화장용품도매업,PTCITRAMULTIKREASIBINTANG,"GEDUNGKOREACENTERLANTAI6,RUANG604,JL.JENDRALGATOTSUBROTOKAV.58KEL.KUNINGANTIMUR,KEC.SETIABUDI,JAKARTASELATAN,DKIJAKARTA,INDONESIA",6221-2519-9197,,,
20423,화장품제조업,PTGONDOWANGITRADISIONALKOSMETIKA,"KAWASANINDUSTRIJABABEKAI,JL.JABABEKAXVIIDBLOKUNO.29C,KARANGBARU,CIKARANGUTARAKOTABEKASI,17530,WESTJAVA,INDONESIA",489-1823,489-1795,cs@gondowangi.com,www.gondowangi.com
46443,화장품및화장용품도매업,PTSELARASVISIABADI,"KOMPLECITYRESORTRESIDENCESBLOKH-6,JL.CITYRESORTRESIDENCESBOULEVARD,CENGKARENGTIMURKOTAADMINISTRASIJAKARTABARATDKIJAKARTA,INDONESIA",690-4161,,alberttju90@gmail.com,
20423,화장품제조업,PTUNILEVERINDONESIATBK,"GRAHAUNILEVER,JL.BSDBOULEVARDBARAT,GREENOFFICEPARKKAV.3KOTATANGERANG,15345,BANTEN,INDONESIA",8082-0779,8082-0781,unvr.indonesia@unilever.com,www.unilever.com
46443,화장품및화장용품도매업,PTESTETIKAPROINTERNATIONAL,"RUKOSURYAINTIPERMATABLOKBNO.138-139,JL.JEMURANDAYANINO.50,JEMURWONOSARI,WONOCOLOKOTASURABAYA,60237,EASTJAVA,INDONESIA",842-9025,,esprojkt@gmail.com,www.espro.co.id
20423,화장품제조업,PTFABINDOSEJAHTERA,"JL.PROF.DR.LATUMENTENNO.19,KOMPLEKGROGOLPERMAIBLOKENO.2-3KOTAADMINISTRASIJAKARTABARAT,11460,DKIJAKARTA,INDONESIA",622-1590-5941,622-1590-5944,sales@fabindo.com,www.fabindo.com
20423,화장품제조업,PTMANDOMINDONESIATBK,"7THFLOORSUITE7.01WISMA46KOTABNI,JL.JEND.SUDIRMANKAV.1,KARETTENGSIN,TANAHABANGKOTAADMINISTRASIJAKARTAPUSAT,10220,DKIJAKARTA,INDONESIA",6221-2980-9500,6221-2980-9501,corporatesecretary@mandom.co.id,www.mandom.co.id
46443,화장품및화장용품도매업,PERDANADUTAPERSADAPT,"RUKANGADINGBUKITINDAHBLOKINO.26,JL.BUKITGADINGRAYA,KELAPAGADINGBARAT,KELAPAGADINGKOTAADMINISTRASIJAKARTAUTARA,14240,DKIJAKARTA,INDONESIA",4583-6521,4584-1163,cs.thefaceshop@yahoo.com,www.thefaceshop.co.id
20423,화장품제조업,ALBIONCOLTD,"HULICGINZABLDG.7F.,1-7-10,GINZA,CHUO-KU,TOKYO104-0061JAPAN",35-524-1711,,,http://www.albion.co.jp/
46443,화장품및화장용품도매업,BLANCHEETOILECOLTD,"RAPPORTMINAMIAOYAMA54-307,5-4-44,MINAMIAOYAMA,MINATO-KU,TOKYO107-0062JAPAN",36-427-1354,,,http://blanche-etoile.com/
46443,화장품및화장용품도매업,MTGCOLTD,"2-32,HONJINTORI,NAKAMURA-KUNAGOYAAICHI",52-481-5001,,,https://www.mtg.gr.jp/
46443,화장품및화장용품도매업,BJHOLDINGSCOLTD,"LINXBLDG.3F.,390,MARUSHINCHO,KITA-KU,NAGOYA,AICHI462-0063JAPAN",52-901-8681,,,https://www.bj-siih.jp/
46443,화장품및화장용품도매업,COREBIZCOLTD,"TAKAGIBLDG.2F.,3-4-5,KAMIOCHIAI,SHINJUKU-KU,TOKYO161-0034JAPAN",36-908-9806,,,http://www.ebila.jp/
20423,화장품제조업,KOSECORPORATION,"NIHOMBASHIFRONT,3-6-2,NIHOMBASHI,CHUO-KU,TOKYO103-0027JAPAN",33-273-1511,,,http://www.kose.co.jp/
20423,화장품제조업,COSMOBEAUTYCOLTD,"4-3-43,SHIMAYA,KONOHANA-KU,OSAKA,OSAKA",,,,http://www.cosmobeauty.co.jp/
46443,화장품및화장용품도매업,SHINBEEJAPANCOLTD,"4-13-4,HONJO,SUMIDA-KU,TOKYO130-0004JAPAN",36-424-5304,,,http://shinbee-japan.com/
20423,화장품제조업,KEIZCOLTD,"188,NI,SENKOJIMACHI,KANAZAWA,ISHIKAWA920-0356JAPAN",76-268-3070,,,https://www.ksplant.co.jp/
46443,화장품및화장용품도매업,MEDIUSJAPANCOLTD,"EDOMACHI104BLDG.2F,104,EDOMACHI,CHUO-KU,KOBE,HYOGO650-0033JAPAN",78-381-6524,,,http://www.mediusjpn.com/
20423,화장품제조업,PAIMORECOLTD,"5-28,SHIMMACHI,SAKAI-KU,SAKAI,OSAKA590-0079JAPAN",72-221-1888,,,https://paimore.com/
47813,"화장품,비누및방향제소매업",STANDARDPROCOLTD,"ROYCEHAKATAB1F-2,10-255,KAMIKAWABATAMACHI,HAKATA-KU,FUKUOKA,FUKUOKA812-0026JAPAN",92-710-7628,,,http://www.standard-p.jp/
46443,화장품및화장용품도매업,DONGRAMYPROJECTCOLTD,"2-1,DAIRIHIGASHIGUCHI,MOJI-KU,KITAKYUSHU,FUKUOKA800-0029JAPAN",93-342-8786,,,
46443,화장품및화장용품도매업,HITOSIAINC,"3-24-18-3F.,MINAMIIKEBUKUROTOSHIMA-KUTOKYO171-0022JAPAN",35-957-7335,,,
46443,화장품및화장용품도매업,FWJAPANCOLTD,"3-3-18,NAKAMACHI,IZUMISANO,OSAKA537-0024JAPAN",72-468-6648,,,http://fw-japan.co.jp/
46443,화장품및화장용품도매업,NOININC,"GRANDFIRSTSHINJUKUGYOEN6F.,22-1,DAIKYOCHO,SHINJUKU-KU,TOKYO160-0015JAPAN",36-709-9840,,,https://noin.tv/
47813,"화장품,비누및방향제소매업",SBYCOLTD,"TOKYOFRONTTERRACE20F.,2-3-14,HIGASHISHINAGAWA,SHINAGAWA-KU,TOKYO140-0002JAPAN",35-796-3340,,,http://www.sby.co.jp/en/
20423,화장품제조업,CHANSONCOSMETICSINC,"2-5-10,KUNIYOSHIDA,SURUGA-KU,SHIZUOKA,SHIZUOKA422-8004JAPAN",54-261-9191,,,https://www.chanson.co.jp/
46443,화장품및화장용품도매업,TEIBIINC,"SHIMBASHIANEXBLDG.5F.,5-35-10,SHIMBASHI,MINATO-KU,TOKYO105-0004JAPAN",34-577-8515,,,http://www.teibi.co.jp/
46443,화장품및화장용품도매업,CINQCOLTD,"2-13-3,MEJIRO,TOSHIMA-KU,TOKYO171-0031JAPAN",36-821-1519,,,
46443,화장품및화장용품도매업,PINOCOSMECOLTD,"2-19-1,OKUBO,SHINJUKU-KU,TOKYO169-0072JAPAN",36-416-8555,,,http://www.pino.ne.jp/
46443,화장품및화장용품도매업,FITSCORPORATIONKK,"OAKOMOTESANDOBLDG.8F.,3-6-1,KITAAOYAMA,MINATO-KU,TOKYO107-0061JAPAN",36-892-1340,,,http://www.fits-japan.com/
46443,화장품및화장용품도매업,SACRUMALGAECOLTD,"HAKATASUNCITYBLDG.2,3-11-28,HAKATAEKIHIGASHI,HAKATA-KU,FUKUOKA,FUKUOKA812-0013JAPAN",92-292-6825,,,http://www.sacrumalgae.com/
46443,화장품및화장용품도매업,HERYKK,"NISHIYAMABLDG.2F.,4-7-1,SHIBA,MINATO-KU,TOKYO108-0014JAPAN",36-453-6890,,,http://www.hery-jp.com/
46443,화장품및화장용품도매업,WORLDTRADINGCORPORATION,"8-10-1,OJIMAKOTO-KUTOKYO136-0072JAPAN",35-879-6346,,,
20423,화장품제조업,KMAXSGUANGZHOUBIOTECHCOLTD,"ROOM07,09F,MINGGAOCHENG,NO.123,YINGBINAVE.,HUADUDISTRICT,GUANGZHOU",,,,
20423,화장품제조업,PROCTERANDGAMBLEGUANGZHOULTD,"NO.1,BINHEROAD,ECONOMICANDTECHNOLOGICALDEVELOPMENTZONE,GUANGZHOU",8620-8221-8828,8620-8518-6134,,http://www.pg.com.cn
47813,"화장품,비누및방향제소매업",SUZHOUBARRIOCOSMETICSCOLTD,"NO.58NANTIANCHENGROAD,HIGH-SPEEDRAILWAYNEWTOWN,SUZHOUCITY",,,,www.barrio.com.cn
46443,화장품및화장용품도매업,HKDINFORMATIONTECHNOLOGYHANGZHOUCOLTD,"ROOM02-04,2/F,BUILDING13,NO.20,KEJIYUANROAD,ECONOMICANDTECHNOLOGICALDEVELOPMENTZONE,HANGZHOU,ZHEJIANG",,,,
46443,화장품및화장용품도매업,ZHOUSHANKONAELECTRONICCOMMERCECOLTD,"ROOM305-16002,ENTERPRISESERVICECENTEROFZHOUSHANPORTCOMPREHENSIVEBONDEDZONE,DINGHAIDISTRICT,ZHOUSHANCITY,ZHEJIANGPROVINCE(PILOTFREETRADEZONE)",8658-0817-0765,,,
20423,화장품제조업,ANCORSSHANGHAICOSMETICSCOLTD,"891QIANQIAOROAD,FENGXIANDISTRICT,SHANGHAICITY",8621-6031-8715,8621-6031-8715,,
46443,화장품및화장용품도매업,GRACETIESHANGHAIINTERNATIONALTRADINGCOLTD,"5F,NO.310,JINGAOROAD,PUDONGNEWAREA,SHANGHAICITY",,,,http://www.gracetie.com
46443,화장품및화장용품도매업,ZHEJIANGDONGHECOSMETICSCOLTD,"ROOM503,5THFLOOR,TOWERA,YANXIANGTECHNOLOGYBUILDING,NO.333JIANGHONGROAD,CHANGHESUBDISTRICT,BINJIANGDISTRICT,HANGZHOU,ZHEJIANG",,,,
46443,화장품및화장용품도매업,BEIJINGCRANETRADINGCOLTD,"NO.32-5019,YARD5,GUANGSHUNNORTHSTREET,CHAOYANGDISTRICT,BEIJING",8610-5718-7823,8610-5718-7823,,
20423,화장품제조업,GUANGZHOUBAIRUNCOSMETICCOLTD,"SELF-NUMBERED3,NO.149TAIGANG3RDRD.,GANGWEI,RENHETOWN,BAIYUNDISTRICT,GUANGZHOU",8620-8603-1038,8620-8603-1038,,www.gzbairun.com
46443,화장품및화장용품도매업,HOPEGUANGZHOUCOLTD,"ROOM805,SELF-CODEDBLDG.B1,2707KACHUANGAVENUE,HIGH-TECHINDUSTRIALDEVELOPMENTZONE,GUANGZHOU,CHINA",8620-8225-8763,,,
20423,화장품제조업,AANDHINTERNATIONALCOSMETICSCOLTD,"FACTORYBUILDING3,4&5,NO.1298,JUTINGRD.,FENGXIANDISTRICT,SHANGHAI,CHINA",8621-5746-0368,,,www.a-hcosmetics.com
46443,화장품및화장용품도매업,SHANGHAILENERCHEMICALCOLTD,"ROOM1-102,BUILDING4,FENGJINGSHOPPINGMALL,NO.9135ZHUFENGHIGHWAY,JINSHANDISTRICT,SHANGHAI",8621-2420-8276,8621-2420-8276,,
46443,화장품및화장용품도매업,CHENGDUYIXUANSHANGPINTRADINGCOLTD,"NO.1,3/F,BUILDING20,NO.1,WANGJIANGRD.,WUHOUDISTRICT,CHENGDU",,,,
46443,화장품및화장용품도매업,SHANDONGETOPTRADINGCOLTD,"NO.-6-A512,LOTTECENTURYCITY,ECONOMIC&TECHNOLOGICALDEVELOPMENTZONE,WEIHAI,SHANDONG",8663-1518-2900,,,
46443,화장품및화장용품도매업,CHONGQINGDUOMAIDUOTRADECOLTD,"NO.3-1-2-10,319HAIERROAD,JIANGBEIDISTRICT,CHONGQING",,,,
20423,화장품제조업,AMORECOSMETICSSHANGHAICOLTD,"768BOXUESOUTHROAD,MALUTOWN,JIADINGDISTRICT,SHANGHAICITY",8621-3918-2704,,,
46443,화장품및화장용품도매업,HANSUWONCHANGCHUNIMPORTANDEXPORTCOLTD,"NO.203,RESIDENTIALBUILDING28,LIWANGKANGCHENGZHONG1BLOCK(PHASEIINPLOTD),JINQIANROAD,ERDAODISTRICT,CHANGCHUN,CHINA",136-1070-1078,,,
46443,화장품및화장용품도매업,FRUFEINTERNATIONALTRADINGSHANGHAICOLTD,"SUITEA1,8/F,NO.1235,WUZHONGROAD,MINHANGDISTRICT,SHANGHAICITY",8621-5422-3135,8621-5422-2851,,
46443,화장품및화장용품도매업,QINGDAOTAIYIXINGCOMMERCIALANDTRADINGCOLTD,"OUTLET,1/F,BUILDING1210,BINHEROAD,LICANGDISTRICT,QINGDAO,CHINA",186-7893-2800,,,
46443,화장품및화장용품도매업,SHANGHAIAILILANGCOSMETICSCOLTD,"39,BUILDING16,NO.89,DUJIABANGROAD,SIJINGTOWN,SONGJIANGDISTRICT,SHANGHAI",,,,
46443,화장품및화장용품도매업,WEIFANGJIULIZHENGKOREANGOODSFACTORYSTORELTD,"(SUPPORTINGAREA)ROOM110,AREAA,BUSINESSOFFICEBUILDING,WEIFANGINTEGRATEDFREETRADEZONE,SHANDONGPROVINCE",,,,
46443,화장품및화장용품도매업,BEIJINGORIENTALSHENGDETRADECOLTD,"NO.A1072,NO.145,KANGJIAGOU,CHAOYANGDIST.,BEIJING",8610-6489-0860,,,
46443,화장품및화장용품도매업,SHANGHAIKCINNERBELLACOSMETICCOLTD,"RM.2-211,NO.561,HANGNANROAD,PUDONGNEWAREA,SHANGHAI",8621-6128-0185,8621-6128-0186,,http://www.kcinnerbella.com
20423,화장품제조업,SHANGHAIINOHERBCOSMETICSCOLTD,"NO.121,CHENGYINROAD,BAOSHANDISTRICT,SHANGHAI,CHINA",8621-6183-9500,,public@inoherb.com,www.inoherb.com
46443,화장품및화장용품도매업,CHONGQINGYUANCHENXINTRADINGCOLTD,"NO.109-2,NO.15-3,BEICHENGTIANJIESTREET,JIANGBEIDISTRICT,CHONGQING,CHINA",,,,
20423,화장품제조업,COSMOBEAUTYCOSMETICSNANTONGCOLTD,"NO.17,XINDONGROAD,ECONOMICANDTECHNOLOGICALDEVELOPMENTZONE,NANTONG,JIANGSU",86513-8533-3030,,,
46443,화장품및화장용품도매업,SICHUANSANLIJIIMPORTANDEXPORTTRADECOLTD,"NO.808,NORTHTOWER,POLYCENTER,NO.7,CONSULATEROAD,WUHOUDISTRICT,CHENGDUCITY,SICHUANPROVINCE,CHINA.",,,,
46443,화장품및화장용품도매업,HANGZHOUBAAITRADINGCOMPANYLIMITED,"ROOM2,BUILDING3(S),XINTIANDISHIJIAXINBUILDING,XIACHENGDISTRICT,HANGZHOU,CHINA",,,,www.baai.com
46443,화장품및화장용품도매업,SHENZHENVERTICALCHAINBIOLOGICALSCIENCEANDTECHNOLOGYCOLTD,"D5-5-5,5F,BUILDING312,CULTUREANDCREATIVEPARK,NO.4001,FUQIANGROAD,CUIWANCOMMUNITY,SHATOUSUBDISTRICT,FUTIANDISTRICT,SHENZHEN",,,,
46443,화장품및화장용품도매업,CHENGDUIFEELIMPORTANDEXPORTLIMITEDCOMPANY,"NO.5,7/F,BLDG.3,138TIANFU2NDST.,HI-TECHZONE,CHENGDU,SICHUAN",8628-6427-4688,,,
20423,화장품제조업,YINGHAICANGZHOUAROMACHEMICALCOMPANYLTD,"LINGANGECONOMICANDTECHNOLOGICALDEVELOPMENTZONE,CANGZHOU",,,,
20423,화장품제조업,COSMAXCHINAINC,"NO.1568,CHENQIAOROAD,INDUSTRIALCOMPREHENSIVEDEVELOPMENTZONE,SHANGHAICITY",8621-6710-8705,8621-6710-6320,,http://www.cosmax.com.cn
20423,화장품제조업,SHANGHAINATURALBEAUTYFULICOSMETICSCOLTD,"9HAIJIAOROAD,FENGXIANDISTRICT,SHANGHAI",8621-5712-0883,8621-5712-0883,,http://www.nblife.com
46443,화장품및화장용품도매업,SHENZHENBAIYITENGDAINTERNATIONALTRADECOLTD,"ROOM201,A,NO.1,QIANWANYILU,QIANHAISHENGANGCOOPERATIONAREA,SHENZHEN(INSHENZHENQIANHAICOMMERCIALSECRETARYCO.,LTD.)",,,,
20423,화장품제조업,HUAANTANGBIOTECHGROUPCOLTD,"(FACTORY)NO.13LIUWEISTREET,HUALONGTOWN,PANYUDISTRICT,GUANGZHOU,CHINA",8620-6668-7388,,info@huaantang.com,www.huaantang.com
20423,화장품제조업,SHANGHAIKANGMEIINTERNATIONALBIOCHEMICALCOLTD,"NO.1638,BEISONGHIGHWAYMINHANGDISTRICTSHANGHAICITY",8621-6409-0560,,,http://www.shkm.com.cn
46443,화장품및화장용품도매업,SHANGHAIG2COLTD,"ROOM306,3/F,BLDG.4,7001ZHONGCHUNROAD,MINHANGDISTRICT,SHANGHAI",8621-5265-7320,,,
46443,화장품및화장용품도매업,SHANGHAIBOWANGENTERPRISELTDCOMPANY,"RM.74,FLOOR5,NO.468,SIPINGROAD,FENGXIANDISTRICT,SHANGHAI",8621-6940-2777,8621-6940-2777,,
46443,화장품및화장용품도매업,SHANGHAIYULINGENTERPRISELTDCOMPANY,"NO.133,DONGZHENGROAD,HUINANTOWN,PUDONGNEWAREA,SHANGHAI",8621136-1161-1126,,,http://www.ponybrownplus-cn.com
20423,화장품제조업,GUANGZHOUELFERCOSMETICSCOLTD,"3/F,BUILDINGG,NO.6,CAOTANGROAD,BAIYUNDISTRICT,GUANGZHOU,CHINA",186-2060-0909,,,www.gz-eiffel.com
46443,화장품및화장용품도매업,GUANGZHOUTAIJIELECTRONICCOLTD,"E1,25/F,EVERBRIGHTBANKBUILDING,685-691TIANHENORTHROAD,TIANHEDISTRICT,GUANGZHOU",8620-3873-0031,8620-3873-0242,,http://www.artpro-nail.com
46443,화장품및화장용품도매업,QINGDAOFREETRADEZONEHIMALLCROSSBORDERELECTRONICBUSINESSCOLTD,"ROOM408,OFFICEBUILDING,NO.5WAREHOUSE,NO.46,MOSCOWROAD,FTZ,QINGDAO,SHANDONG",,,,
46443,화장품및화장용품도매업,SHENZHENCHUANGYIXINGSHENGMAOYICOLTD,"22C,BUILDING9,JINHAIWANGARDEN,NO.46,FURONGROAD,JINDICOMMUNITY,SHATOUSUBDISTRICT,FUTIANDISTRICT,SHENZHEN",,,,
20423,화장품제조업,GUANGZHOUZHONGSHANGBEAUTYCOLTD,"306,BLDG.14,644SHIBEIGONGYERD.,DASHIST.,PANYUDISTRICT,GUANGZHOUCITY",8620-2291-7888,,,
20423,화장품제조업,SHANDONGFREDABIOENGCOLTD,"888XINLUOSTREET,HIGHTECHZONE,JINANCITY,SHANDONGPROVINCE",,,,http://www.rellet.com
46443,화장품및화장용품도매업,XINDISHANGHAITRADINGCOLTD,"ROOM322,BUILDING1,NO.3203,HONGMEIROAD,MINHANGDISTRICT,SHANGHAI",8621-6151-3877,8621-6151-9958,,
46443,화장품및화장용품도매업,GUANGZHOUOMELONCOSMETICSCOLTD,"(FOROFFICEONLY)B,RM.1101,RENMINMIDDLERD.,LIWANDISTRICT,GUANGZHOU,GUANGDONG",,,,http://www.omelon.cn
46443,화장품및화장용품도매업,GUANGZHOUHEYIELECTRONICCOMMERCIALCOLTD,"401,BUILDINGA7,MAWULIANHEINDUSTRIALZONE,NO.33HUANGYUANROAD,HUANGSHISUB-DISTRICT,BAIYUNDISTRICT,GUANGZHOUCITY,CHINA(SELF-DECLARED)",,,,www.heyi818.com
46443,화장품및화장용품도매업,QINGDAOMEIXIANGINTERNATIONALTRADECOLTD,"ROOM301,BUILDING2,ANTAIPLAZA,76LIANYUNGANGROAD,SHIBEIDISTRICT,QINGDAO,SHANDONG",156-8986-0520,,,
46443,화장품및화장용품도매업,QINGDAOSHIJIYIGOUTRADECOLTD,"ROOM3-707,778XINGYANGROAD,LIUTINGSUBDISTRICT,CHENGYANGDISTRICT,QINGDAO,SHANDONG",,,,
46443,화장품및화장용품도매업,SHENZHENHANMEISHANGCOSMETICSCOLTD,"D5-5-5,BUILDING312,SHENZHENCENTURYHANDICRAFTCULTUREMARKET,NO.4001,FUQIANGROAD,FUTIANDISTRICT,SHENZHEN",,,,
46443,화장품및화장용품도매업,SHANGHAIJIARUITRADINGCOLTD,"ROOM103,1/F,BUILDING4,NO.76,BOLEROAD,JIADINGTOWN,JIADINGDISTRICT,SHANGHAICITY",,,,
46443,화장품및화장용품도매업,SHANGHAIZHICHENTRADINGCOLTD,"BLDG.18,NO.8,DONGJINGRD.,SONGJIANGDIST.,SHANGHAI",,,,
46443,화장품및화장용품도매업,BEIJINGCREATIVEBOXTECHNOLOGYCOLTD,"08AHUANJIAN,A,1/F,NO.1BUILDING,NO.6,XUEYUANRD.,HAIDIANDISTRICT,BEIJING",,,,
46443,화장품및화장용품도매업,ADVANSVISLIMITEDLIABILITYCOMPANY,"UZLICINA195/4,PRAHA-TREBONICE,15521,CZECHREPUBLIC",4206-0856-7536,,ktodorov@advansvis.com,www.biofreshkosmetika.cz
46443,화장품및화장용품도매업,MATTESCORPLIMITEDLIABILITYCOMPANY,"COLLO-LOUKY1557,FRYDEK-MISTEK-MISTEK,73801,CZECHREPUBLIC",4205-5860-5213,4205-5843-5991,mattrad@mattesgroup.cz,www.mattesgroup.com
46443,화장품및화장용품도매업,MEDAPREXLIMITEDLIABILITYCOMPANY,"TRUHLARSKA1518/27,PRAHA-NOVEMESTO,11000,CZECHREPUBLIC",4206-0241-0076,,gabriela.nozickova@medaprex.cz,www.medaprex.cz
46443,화장품및화장용품도매업,SOCIEDADDEINVERSIONESDJSPA,"NUEVA1661,TORREC,HUECHURABASANTIAGOCHILE",56-2892-2400,,contacto@dbschile.cl,www.dbsbeautystore.cl
20423,화장품제조업,BEIERSDORFSA,AVENIDALOESPEJO501MAIPUMAIPUSANTIAGO9250000SANTIAGOCHILE,562-2368-8800,562-2557-3883,Recepcion.Chile@Beiersdorf.com,www.beiersdorf.cl
47813,"화장품,비누및방향제소매업",TROBSPA,"FRANCISCOBILBAO2580,PROVIDENCIASANTIAGOCHILE",5622-3202-5530,,jbendov@trobchile.com,http://www.therepublicofbeauty.com
20423,화장품제조업,LABORATORIOBALLERINALTDA,"ANTONIOESCOBARWILLIAMS,190,CERRILLOS,SANTIAGOXIIIREGIONMETROPOLITANACHILE",562-2925-3000,,cristian.hoppe@ballerina.cl,www.ballerina.cl
47813,"화장품,비누및방향제소매업",MONAMIEKZLTD,"AVE.DOSTIK,48,ALMATY,ALMATYREGION,050010,KAZAKHSTAN",772-7344-0152,,reception@monamie.kz,www.monamie.kz
47813,"화장품,비누및방향제소매업",ACOSMETICSLTD,"ABAYAAVENUE,151,ALMATY,ALMATYREGION,050000,KAZAKHSTAN",777-7363-9911,,m_abdikar@mail.ru,http://www.asian-cosmetics.kz
47813,"화장품,비누및방향제소매업",KOREAHEALTHANDBEAUTYLTD,"SATPAEVASTREET32,OFFICE10,ALMATY,ALMATYREGION,A15P5B9,KAZAKHSTAN",772-7274-2687,,nurkaz-co@mail.ru,
46443,화장품및화장용품도매업,BEANDCARECAMBODIACOLTD(LIPSANDLOVESTORE/BMMYBEAUTYMAKEOVER),"BOREYNEWWORLDNO.26,16,TRAPEANGTHLOENG,CHOMCHAO,PORSENCHEY,PHNOMPENH,CAMBODIA",85-5635-5616,,info@bccambodia.com,www.llstores.com
20423,화장품제조업,GROUPEMARCELLEINC,9200CHDELACOTE-DE-LIESSELACHINEPQH8T1A1,51-4631-7710,,,
46443,화장품및화장용품도매업,INNOVATIONFUTUREDEPREMIERPLANINC,"1000GAUCHETIEREWEST,SUITE2456MONTREAL,QUEBECH3B4W5CANADA",43-8300-9020,43-8300-9720,ceo@lfiglobal.com,www.lfiglobal.com
47813,"화장품,비누및방향제소매업",SHIFEONENTERPRISESLTD,1291ROBSONSTVANCOUVERBCV6E1C2,60-4688-3291,,,
20423,화장품제조업,LUCASMEYERCOSMETICSCANADAINC,2590BOULLAURIERBUREAU650QUEBECPQG1V4M6,41-8653-6888,,,
47813,"화장품,비누및방향제소매업",HOLLYWOODALLIANCECANADAINC,7SAINTTHOMASSTUNIT208TORONTOONM5S2B7,41-6485-7555,,,
46443,화장품및화장용품도매업,LACARAFELIZJWYAMERICALTDA,"OFICENTROTRIVIUMN19,ESCAZUSANJOSECOSTARICA",506-2216,,bekol@naver.com,
46443,화장품및화장용품도매업,SEOULCOOLFORCOSMETICMATERIALSCOMPANYWLL,"SAMAMALL,OFFICE1,BUILDING81,BLOCK5,EGAILAH,KUWAIT",965-5532-3922,,angie@seoulkool.me,www.seoulcool.me
46443,화장품및화장용품도매업,UNIONINTERNATIONALTRADINGCOMPANYWLL,"OFFICE17/12,5THFLOOR,BUILDING37,BLOCK3,MURGAB,KUWAIT",965-2266-2280,,vanessa@unioninternationalco.com,www.unioninternationalco.com
46443,화장품및화장용품도매업,INSTYLELLC,"10-THMICRODISTRICT,18-46,BISHKEK,KYRGYZSTAN",9963-1266-0777,,office@instyle.kg,http://instyle.kg/
20423,화장품제조업,MILOTTLABORATORIESCOMPANYLIMITED,"84/55MOO11,SOITANASIT,THEPHARAKROAD,BANGPLA,BANGPHLI,SAMUTPRAKAN10540,THAILAND",66-2729-8111,66-2312-1182,info@milott.co.th,http://www.milott.com
46443,화장품및화장용품도매업,SHERSHOLMESCOMPANYLIMITED,"22/43SUKHAPHIBAN2ROAD,PRAWET,PRAWET,BANGKOK10250,THAILAND",66-2101-9424,,accstyle@gmail.com,
46443,화장품및화장용품도매업,ULTRAVMEDICALAESTHETICTHAILANDCOMPANYLIMITED,"188RAMAIISOI60,SAMAEDAM,BANGKHUNTHIAN,BANGKOK10150,THAILAND",662-4165-5589,,kanyarat.ultravthailand@gmail.com,
46443,화장품및화장용품도매업,IMAGINEGROUP1996COMPANYLIMITED,"37SOICHARANSANITWONG65,CHARANSANITWONGROAD,BANGBAMRU,BANGPHLAT,BANGKOK10700,THAILAND",662-8865-2703,66-2881-7808,,http://www.misshathailand.com
20423,화장품제조업,INTERNATIONALLABORATORIESCORPORATIONLIMITED,"62MOO8,BANGNA-TRATROAD,BANGCHALONG,BANGPHLI,SAMUTPRAKAN10540,THAILAND",662-3468-2224,662-3468-2334,export@ilc-cosmetic.com,http://www.ilc-cosmetic.com
46443,화장품및화장용품도매업,INNOBELLETRADINGCOMPANYLIMITED,"OCCICAREMEDICALCENTER,5THFLOOR,77MOO1,SUKHUMVITROAD,HUAIKAPI,MUEANGCHONBURI,CHONBURI20000,THAILAND",6638-2888-6901,66-3828-8692,tanut@innobelle.com,
46443,화장품및화장용품도매업,DOTHAILANDCOMPANYLIMITED,"160/81SOIPHIBUNUPPATHAM,SAMSENNOK,HUAIKHWANG,BANGKOK10310,THAILAND",66-2167-4019,66-2167-4019,,http://www.omarsharifth.com
46443,화장품및화장용품도매업,SEYANINTERNATIONALCOMPANYLIMITED,"62PHRANNOK-PHUTTHAMONTHONSAI4ROAD,BANGPHROM,TALINGCHAN,BANGKOK10170,THAILAND",66-2077-5771,,seyankr@gmail.com,http://www.seyan.co.kr
46443,화장품및화장용품도매업,BLOOMIGOCOMPANYLIMITED,"1SOIRAMKHAMHAENG60/4,RAMKHAMHAENGROAD,HUAMAK,BANGKAPI,BANGKOK10240,THAILAND",66-2375-6000,66-2375-1824,support@bloomigo.com,http://www.bloomigo.com
20423,화장품제조업,MITMONGKOLINDUSTRYCOMPANYLIMITED,"136RAMAIISOI54,YAEK4,SAMAEDAM,BANGKHUNTHIAN,BANGKOK10150,THAILAND",66-2899-5262,66-2899-4823,sales@mitmongkol.com,http://www.mitmongkol.com
46443,화장품및화장용품도매업,GLOBALASIABIZCENTERCOMPANYLIMITED,"PORNCHAIENGINEERING&TRADINGTOWER,5THFLOOR,25SOIBANGNA-TRAT34,BANGNATAI,BANGNA,BANGKOK10260,THAILAND",66-2103-1167,,info@koreanewitem.com,http://www.koreanewitem.com
46443,화장품및화장용품도매업,TLBTHAILANDCOMPANYLIMITED,"MODERNTOWN,87/59SOIEKAMAI3,SOISUKHUMVIT63ROAD,KHLONGTANNUEA,WATTHANA,BANGKOK10110,THAILAND",66-2045-5434,,prasopsan@tlbthailand.com,http://www.tlb-group.com
20423,화장품제조업,INTELIXCOMPANYLIMITED,"168/21KHOOBONROAD,KHANNAYAO,KHANNAYAO,BANGKOK10230THAILAND",669-3246-3659,,,
46443,화장품및화장용품도매업,MARVALICHEALTHCOMPANYLIMTIED,"68/5TAKUAN-HATSAITHONGROAD,MAPTAPHUT,MUEANGRAYONG,RAYONG21150,THAILAND",666-5496-4553,,marvalic@marvalic.com,http://www.marvalic.com
46443,화장품및화장용품도매업,PURICOMPANYLIMITED,"GAYSORNTOWER,24THFLOOR,ROOMA,D,127RATCHADAMRIROAD,LUMPHINI,PATHUMWAN,BANGKOK10330,THAILAND",66-2253-5858,66-2253-5850,info@panpuri.com,http://www.panpuri.com
46443,화장품및화장용품도매업,GOODMERCECOMPANYLIMITED,"1ST-2NDFLOOR,540SOIRATCHADAPHISEK26,RATCHADAPHISEKROAD,SAMSENNOK,HUAIKHWANG,BANGKOK10310,THAILAND",66-2541-5435,66-2541-5434,goodmerce2016@gmail.com,http://www.holikaholikathailand.com
46443,화장품및화장용품도매업,TALAYPUNATURALPRODUCTSCOMPANYLIMITED,"23/81SOISUKHUMVIT63SUKHUMVITROAD,20THFLOOR,ROOM23/81ASORACHAIBUILDING,KLONGTON-NUE,WATTANA,BANGKOK,10110,THAILAND",66-2714-0885,66-2714-2551,info@talaypu.com,www.khaokhotalaypu.com
20423,화장품제조업,SANDJINTERNATIONALENTERPRISESPUBLICCOMPANYLIMITED(SANDJ),"SAHAGROUPINDUSTRIALPARK,600/4MOO11,SUKHAPHIBAN8ROAD,NONGKHAM,SIRACHA,CHONBURI20110,THAILAND",66-2676-2727,66-2676-2726,sjoffice@snjinter.com,http://www.snjinter.com
20423,화장품제조업,GIFFARINESKYLINELABORATORYANDHEALTHCARECOMPANYLIMITED,"NAVANAKORNINDUSTRIALESTATE,222/1-3MOO13,PHAHONYOTHINROAD,KHLONGNUENG,KHLONGLUANG,PATHUMTHANI12120,THAILAND",66-2834-9222,,enquiry@giffarinefactory.com,http://www.giffarinefactory.com
46443,화장품및화장용품도매업,CMAXTECHNOLOGYCOMPANYLIMITED,"56/16SOMDETPHRACHAOTAKSINROAD,BUKKHALO,THONBURI,BANGKOK10600,THAILAND",66-2878-8371,66-2878-8371,,
46443,화장품및화장용품도매업,PACTGLOBALCOMPANYLIMITED,"36/105SUKHUMVIT21(ASOK)ROAD,33RDFLOOR,PSTOWER,KLONGTOEINUA,WATTANA,BANGKOK,10110THAILAND",,,,
20423,화장품제조업,FCPCOMPANYLIMITED,"45MOO4,KHLONGUDOMCHONLACHON,MUEANGCHACHOENGSAO,CHACHOENGSAO24000,THAILAND",663-8086-8678,66-3808-6869,export@fcpco.com,http://www.fcpco.com
46443,화장품및화장용품도매업,ARSSANALMAGAZACILIKKOZMETIKELEKTRONIKTEKSTILILETISIMKIMYAGIDAINSAATITHALATIHRACATSANAYIVETICARETLTDSTI,BATISIT.MAH.TAHSINKAHRAMANCAD.GERSANSANAYISIT.NO:107YENIMAHALLE06370ANKARA/TURKEY,9031-2440-2445,,iletisim@missha.com.tr,www.missha.com.tr
46443,화장품및화장용품도매업,ALESTAMDILACVEDERMOKOZMETIKSAGLIKSANAYIDISTICARETAS,ICERENKOYMAH.UMUTSK.ANDOFISSIT.NO:10-12/70ATASEHIR34752ISTANBUL/TURKEY,9021-6339-4050,,info@alesta-md.com,www.alesta-md.com
46443,화장품및화장용품도매업,OMERYILMAZYILMAZKOZMETIK,MERKEZMAH.KAGITHANECAD.DAPVADIYOFISSIT.NO:5/14KAGITHANE34406ISTANBUL/TURKEY,9021-2295-5885,,,www.ylmzcosmetics.com
46443,화장품및화장용품도매업,VONAGELABORATUVARKOZMETIKDISTICARETLTDSTI,LEVENTMAH.BUYUKDERECAD.YASEMINSOK.NO:6BESIKTAS34330ISTANBUL/TURKEY,9021-2325-1115,,,
47813,"화장품,비누및방향제소매업",GRATISICVEDISTICARETAS,LEVENTMAH.YAPIKREDIPLAZACBLOKCOMERTSOK.1CKAT:5BESIKTAS3433034330ISTANBUL/TURKEY,9021-2705-2600,9021-2284-2278,info@gratis.com.tr,www.gratis.com.tr
20423,화장품제조업,HOBIKOZMETIKIMALATSANAYIVETICARETAS,CEVIZLIMAH.TUGAYYOLUCAD.OFISIMISTANBULSITESIABLOKAPT.NO:20A/49-50-51MALTEPE34846ISTANBUL/TURKEY,9021-6630-0030,9021-6630-6807,info@hobikozmetik.com,www.hobikozmetik.com
46443,화장품및화장용품도매업,DESIGNKIMSTEKSTILHYOUNGSEEKKIM,HALILRIFATPASAMAH.HAVUZSOK.PERPATICARETMERKEZIABLOK5/1A/308SISLI34384ISTANBUL/TURKEY,9021-2210-1047,9021-2637-3170,info@limonian.com,www.limonian.com
20423,화장품제조업,STEINTERNATIONALCOSMETICSSERVICESSARL(ICS),"ZONEINDUSTRIELLEMGHIRAII,LOTN¡Æ107,RUEDESFAX,FOUCHANA,BENAROUS,POSTCODE:2082,TUNISIA",216-7940-8055,216-7940-8299,cat.nm@planet.tn,http://www.cartedafrique.com/i-c-s/
46443,화장품및화장용품도매업,SOCIETEARGANIADISTRIBUTIONSARL,"Z.ICHARGUIAI,25,RUE8603,CHARGUIAI,TUNIS,POSTCODE:2035,TUNISIA",216-7177-2000,216-7178-1767,r.kilani@argania.com.tn,
46443,화장품및화장용품도매업,DISTRIBUIDORAINFINITYSA,"CALLE78ESTE,SANFRANCISCO,EDIFICIOPROMOTORADONLORENZO,PISO2CIUDADDEPANAMA",,,gisellef@grupoinfinity.net,www.grupoinfinity.net
46443,화장품및화장용품도매업,TERRANOVASRL,"CALLEEMILIANOR.FERNANDEZS/N,BARRIOCENTROCIUDADDELESTEPARAGUAY",5956-1514,,ventas@shoppingterranova.com.py,www.shoppingterranova.com.py
46443,화장품및화장용품도매업,MARIATRADINGEST,"F/83/3BLOCK-BNORTHNAZIMABAD,KARACHI,PAKISTAN",9221-3483-7940,,,
47813,"화장품,비누및방향제소매업",LUSCIOUSCOSMETICS(COSMETICS),"HOUSENO.76,BLOCK-K,GULBERG-III,LAHOREGULBERGTOWN,LAHORE,PAKISTAN",9242-3575-8001,,info@iloveluscious.com,www.lusciouscosmetics.pk
20423,화장품제조업,DRIRENAERISJOINTSTOCKCOMPANY,"UL.ARMIIKRAJOWEJ12,PIASECZNO,05-500,POLAND",482-2717-1111,482-2757-0612,serwis@DrIrenaEris.com,www.drirenaeris.com
46443,화장품및화장용품도매업,AURADISTRIBUTIONLIMITEDLIABILITYCOMPANY,"UL.ESTRADY9,MOSCISKA,05-080,POLAND",486-9867-1201,,aura@auradistribution.pl,www.auradistribution.pl
20423,화장품제조업,NESPERTALIMITEDLIABILITYCOMPANY,"JUGOSLOWIANSKA43,POZNAN,60-149,POLAND",486-1306-7772,,sekretariat@nesperta.com,www.nesperta.com
46443,화장품및화장용품도매업,EDITIONSDESSENS,ETATLIBREDORANGE697169RUEDESARCHIVES75003PARIS3EARRONDISSEMENTFRANCE,14-278-3009,,,
47813,"화장품,비누및방향제소매업",ZENITHPARFUMSPARIS,16RUEDELACONVENTION75015PARISFRANCE,14-236-1111,,,
46443,화장품및화장용품도매업,ELLIPSE,92BOULEVARDDUGENERALDEGAULLE59100ROUBAIXFRANCE,32-028-1717,,,
20423,화장품제조업,PARFUMSPAROUR,6AVENUEMATIGNON75008PARIS8EARRONDISSEMENTFRANCE,14-764-5454,,,
46443,화장품및화장용품도매업,DEBRUYERE,121414RPTCHAMPSELYSEESMDASSAULT75008PARIS8EARRONDISSEMENTFRANCE,97-262-2366,,,
46443,화장품및화장용품도매업,SODIP,21BOULEVARDMONTMARTRE75002PARIS2EARRONDISSEMENTFRANCE,14-026-2020,14-221-0888,,
46443,화장품및화장용품도매업,AUVAVISION,RUED209LIEUDITCAULOURROUTEDETIRAGON06370MOUANSSARTOUXFRANCE,42-210-8312,,,
20423,화장품제조업,LABORATOIRESCLARINS,12AVENUEDELAPORTEDESTERNES75017PARIS17EARRONDISSEMENTFRANCE,96-413-6774,,,
46443,화장품및화장용품도매업,SAPARISIS,30RUELABOETIE75008PARIS8EARRONDISSEMENTFRANCE,14-407-5339,,,
20423,화장품제조업,UNILEVERPHILIPPINESINC,7THFLOORBONIFACIOSTOPOVERCORPORATECENTER31STSTREETCORNER2NDAVENUEBONIFACIOGLOBALCITYTAGUIG1634MANILAPHILIPPINES,632-7219-1172,632-8702-3833,Eileen.Felizco@unilever.com,www.unilever.com.ph
46443,화장품및화장용품도매업,TEHANONLINESTORE,BARANGAYBAGONGPOOKROSARIO4225BATANGASPHILIPPINES,,,,
46443,화장품및화장용품도매업,OELPOOLAUSTRALIAPTYLTDANDTHEBIEDERMANNFAMILYTRUST,38AUTOMOTIVEDRWANGARAWA6065,89-409-5433,,admin@advancedcosmeceuticals.com.au,www.advancedcosmeceuticals.com.au
46443,화장품및화장용품도매업,AVENIRPACIFICPTYLTD,UNIT374MURDOCHCIRCUITACACIARIDGEQLD4110,73-711-2390,,info@n01cosmetics.com.au,www.avenirpacific.com.au
47813,"화장품,비누및방향제소매업",INBPTYLTD,60BLEVEL6'104BATHURSTSTREETSYDNEYNSW2000,29-283-2202,,,www.boniik.com
46443,화장품및화장용품도매업,SINKICONCEPTUALWORLDLIMITED,"RM5,N2/FKAISERESTPH3,11HOKYUENSTHUNGHOM,KOWLOONHONGKONG",852-3596-3008,852-3565-5690,winkychan@kstarsgroup.com.hk,
47813,"화장품,비누및방향제소매업",MINISOINTERNATIONALHONGKONGLIMITED,"RMA12/FKIUFUCOMLBLDG,300LOCKHARTRDWANCHAI,HONGKONGISLANDHONGKONG",852-3954-5109,852-3954-5385,,www.miniso.hk
46443,화장품및화장용품도매업,PETITBONHEURLIMITED,"RM122112/FRADIOCITY,505HENNESSYRDCAUSEWAYBAY,HONGKONGISLANDHONGKONG",,,INFO@PETITBONHEUR.COM.HK,WWW.PETITBONHEUR.COM.HK
47813,"화장품,비누및방향제소매업",YOUUPINTERNATIONALLIMITED,"RMA24/FSUPERLUCKINDLCTRPH2,57SHATSUIRDTSUENWAN,NEWTERRITORIESHONGKONG",852-3153-2768,852-3153-2769,,
46443,화장품및화장용품도매업,OCEANMEDICALGROUPLIMITED,"RMB10/FCHINAFENHINBLDG,5CHEUNGYUESTCHEUNGSHAWAN,KOWLOONHONGKONG",852-3583-2797,852-3188-9480,carrie_fong@ymail.com,
46443,화장품및화장용품도매업,BEAUTYCONCEPTASIATRADINGCOLIMITED,"RM170317/FMETROPLAZATWR2,223HINGFONGRDKWAICHUNG,NEWTERRITORIESHONGKONG",852-2422-7323,852-2422-7328,,
